RETAIL & REPAIRS,,,,,,,,,,
,,,,,,,,,,
,,,,,,,,,,
S/N,Company Name,Physical Adress,Hotline,Specialization,RC No/ Date,Branch Offices,Product/ Services,Email,Website,Business Days/Hours
1, MC VIK.COM,"17/26 Etta Agbor Street, Calabar",08063846339 08189955049,"Electronic, Computer & Communication",,,"Electronic, Computer & Communication",,,Mondays - Saturdays  8am - 7pm  
2,AB BEST INVESTMENT,28 Palm Street Calabar,08062555424,Generator Spare Parts,,,Generator Parts,,,Mondays - Saturdays 8am - 6pm
3,ABUA AND SONS (NIG.) LTD,"22 Border Road, Ikom",,"Produce Merchant, Marketing & Consultant",,,"Produce Merchant, Marketing & Consultant",,,Mondays - Saturdays 8am - 7pm
4,ADVANCED TECHNOLOGY ,"40 Ndidem Usang Iso Road, Calabar  ",08063813608,Computer Accessories  ,,,,,,
5,AGBOTEX COMMUNICATION,"10 Etta Agbor Road, Calabar",08038867702,Phones & Accessories,,,Phones & Accessories,,,Mondays - Saturdays 8am - 6pm
6,AIS TECHNOMART,"21 Ndidem Usang Iso Road, Calabar",08099911139 08099911138,ICT Sales & Services,,,"Laptop, Phones, Tablets, Speakers",info@aistechnomart.com,,Mondays - Fridays 7.45am - 6pm Saturdays  11am - 3pm
7,ALEX ELECTRO LINK,"53 IBB Way, Calabar",07067101045,Electrical Appliances & General Contractor,,,"Cable, Bulbs, Socket, Stabilizer, Fittings",,,Mondays - Saturdays  8am - 8pm  
8,ALICIA GOLDEN,"1b Mekenge Layout, Calabar",08034128207 08035546464,Health Care Products & Gift Items,,,"Skin Care, Cosmetics, Perfumes & Gift Item",aliciagolden4u@yahoo.com,,Mondays - Saturdays  8am -6pm  
9,ALPHOBIC BOOKS ,"4 Goldie street, Calabar",080315951056,Book Sales,,,Exercise & Textbooks,,,Mondays - Saturdays 8am - 6pm
10,AMBITION ASSIOCIATES SERVICES LIMITED,"Shop D4, Tinapa Business Resort & Free Trade Zone, Calabar",08117257483 08129841816,Imports & Export of Food & Drinks,,,"Rice, Wine, Car Battery",contact@laafrica.com,www.laafrica.com,Mondays - Saturdays 10am - 4pm
11,ANDY SYSTEMS  ,"18 Target Road, Calabar  ",08033380720 07038840446  ,Computer Accessories  ,,,,,,
12,ANI COMMUNICATION,"45/55 Mbukpa Road, Calabar",08030977384 08179231079,Phones & Accessories,,,"Phones, Memory Card, Recharge Cards, Accessories",,,Mondays - Saturdays  8am - 8pm  
13,ANIESCO VENTURE,"22b Ikot Eyo Street, Calabar",07037932667,Phones & Accessories,,,,,,Mondays - Saturdays  8am - 5pm  
14,AUSTINOTEX COMPUTERS,"80 Calabar Road, Calabar",08062903684 08185781520 08033897438,Computer & I.T Solutions,,,"Sales of Computer, Networking",,,Mondays - Saturdays 8am - 4pm
15,BANNY'S WINE BAR,84 Mcc Road Calabar,08037322974,Wine & Bar,,,"Wine, Drinks, Food, etc",,,Mondays - Saturdays 7am - 9pm
16,BB COMMUNICATION SYSTEM,74 White House Road Calabar,08133618356,Phone,,,"Phone, & Accessories",,,Mondays - Saturdays 8am - 6pm
17,BEST OF CHRIS,"102/106 Ndidem Usang Iso Road, Calabar",08035070793,"Mobile Phone Sales, Accessories & Repairs",,,"Phone, Laptops, Cameras & Accessories",,,Mondays - Fridays   8am - 8pm          Sundays  2pm - 8pm
18,BLESSED MAN AUTO MECHANIC,"383 Murtala Mohammed Highway, Calabar",08166710357 07017101455,"Repairer of Ford, Chevrolet, Jeep",,,,,,Mondays - Saturdays  8am - 5pm  
19,BLITZ KRIEF EXOTIC WINE SHOP,"50 Atimbo Street, Calabar",08062628226,Wine Shop,,,"Spirit, Juice, Red Wine",,,Mondays - Saturdays  8am - 8pm  
20,BLUE GATE DEPOT,"10 Bassey Street, Calabar","08066730570, 08081319833",Electronics,,,"Sales of Inverters, Stabilizer, Fans ",,,Mondays - Saturdays 8am - 6pm
21,BRIGHT ELECTRONICS NIG,"12 Nelson Mandela Road, Calabar","08063604194, 0818115280",Electronics,,,Car Radio & Computer,,,Mondays - Saturdays 8am - 6pm
22,BRIGHT PHONE & REPAIRS,"19 Edim Otop Street by Culvert, Calabar",08106567321 07011054493,Phone Repairs,,,"Memory  Cards, Unlocking, Flashing, Downloading",,,Mondays - Saturdays 8am - 7pm
23,BRIGHT STAR TECHNOLOGY,"80 IBB Way, Calabar",08069199274 080184720820,"Phone Maintenance &   Repairs , Accessories",,,"Phone Accessories, Repair & Wholesale",,,Mondays - Sundays  8am - 9pm  
24,CAMPOS PLACE,"106 M/M Highway, Calabar",07033130123,Provision Store,,,Provision Store,,,Mondays - Saturdays 7am - 7pm
25,CANDY SYSTEM COMMUNICATION,Etim Edem Part Upstairs,08069115527,Phone Repairs,,,Sales of Phone& Repairs,,,Mondays - Saturdays 8am - 6pm
26,CHARLESON STORES,40 Mcc Road Calabar,08174976838,Provision Store,,,Provision & Drinks,,,Mondays - Saturdays 7am - 6pm
27,CHERRY SPOT,"146 NAOWA Shopping Plaza by Army Junction, Calabar",08029100014,Wine,,,,,,Mondays - Saturdays  8am - 9pm  
28,CHIDO CEMENT ENTERPRISES,"117 MCC Road Shopping Complex, Calabar",08063708557 08087411448,Cement: Wholesale & Retail,,,"Building Materials, Cements",,,Mondays - Saturdays  8am -5pm  
29,CHIKE PHONES SOLUTION,"Etta Agbor Layout by Etta Agbor Street, Calabar",07038318100,Phones,,,"Sales & Repairs of Phones, Flashing, Pimping",,,Mondays - Saturdays  8am -7pm  
30,CHUKS MORGAN ELECTROMART,52 Bedwell Street Calabar,08064230101,Electronics,,,"Fans, Tv, DVD",,,Mondays - Saturdays 8am - 6pm
31,CIONEE SMART PHONE SHOP,34 Calabar Road Calabar,0809991686 ,Phone,,,"Techno Phones, Nokia Phones & Ear Piece",,,Mondays - Saturdays 8am - 6pm
32,COMMUNICATION INTEGRATED SERVICES LTD,"Plot 10 Marijohn Plaza, opp. School of Nursing, General Hospital Road, Ogoja",08036758313,"Recharge Cards, Phones ",,,"Recharge Cards, Phones, Laptop",,,Mondays - Saturdays 8am - 5pm
33,COMPUTER PEOPLE,"10 Etta Agbor Road, Calabar",08033475838,Computer Accessories & Office Machines,,,"Computer Accessories, Photocopier, Office Machines",,,Mondays - Saturdays 8am - 5pm
34,COMPUTER WORLD,"77 Calabar Road, Calabar",08039123561 08094589087,Computers,,,"Repair, Sales, Configure",,,Mondays - Saturdays 8am - 6pm
35,CUCHEL GLOBAL STORES,"256/146 Batterlion Ebrutu Barracks, Old Odukpani Road, Calabar",,Wine Shop & Provision,,,,,,Mondays - Saturdays  8am - 9pm  
36,CURRENT SUPERMARKET,52 Ibb Way Calabar,07062482009,Supermarket,,,Drinks & Provision,,,Mondays - Saturdays 8am - 6pm
37,CYRIL WINE SHOP,"5 Ikot Eyo Street, Calabar",08163756064,"Spirits, Assorted Wine",,,,,,Mondays - Saturdays  8am - 9pm  
38,DANNY KEYS & WELDING SERVICES,68 Palm Street Calabar,08064028171,Key Making,,,"Key Making, Welding",,,Mondays - Saturdays 8am - 6pm
39,DANNYRUES,"289 Old Odukpani Road, Calabar",07039411698,"Provision, Cosmetics & Spray",,,,apie@yahoo.com,,
40,DATA RESOURCE BUREAU,"20 IBB Way, Calabar",08121199283  08032898094,Office Automation & Accessories,,,"Stationeries, Projectors",,,Mondays - Saturdays  8am - 6pm  
41,DATA STREAM TELECOMMS,"25 Mbukpa Road, Calabar",08035546280,"Phones, Laptops & Accessories",,,"Phones, Laptops & Accessories",,,Mondays - Saturdays  8am - 7pm  
42,DE - NICE STORES,"54 IBB Way, Calabar",08182749431,Provision Store,,,Provision & Drinks,,,Mondays - Saturdays 8am - 6pm
43,DE BLESSED CHIJEX NIGERIA LTD,"77 Calabar Road, Calabar",07037595953 07017101411,BookShop & Stationaries Depot,,,"Stationeries, Computer Accessories, Textbooks",,,Mondays - Saturdays 8am - 6pm
44,DE PROSKY COMMUNICATION CENTRE,"47 Inyang Street, Calabar",08062855769,"Recharge Cards, Phones Accessories, Batteries & Chargers",,,,,,Mondays - Saturdays 8am - 8pm
45,DE UNBEATABLE VALEO VENTURES,5 Mount Zion street Calabar,"08034800144, 08085072802",House Hold electronics,,,Electronics & Geneator,,,Mondays - Saturdays 8am - 7pm
46,DE ZENITH TELECOM. CO. NG,"110 Calabar Road, Calabar",07030602115,Phones & Accessories,,,,,,Mondays - Saturdays 8am - 5pm
47,DEAVS NIGERIA COMPANY,"80 Calabar road, calabar","08062903684, 07034648433",Electronics,,,"Panasonic Cameras,DVD Cassettes",,,Mondays - Saturdays 8am - 6pm
48,DILITECH COMPUTERS & COMMUNICATION,"135 IBB Way Opposite Calabar Airport, Calabar",08037247989 08189462211,Computer Accessories,,,"Computer Accessories, Camaras",,,Mondays - Saturdays 8am - 6pm
49,DIVINE COMMUNICATION,"49 Edim Otop Street, Calabar",08036985468,Phones & Accessories,,,"Original Batteries, Screen/ Flex, Original Phone Casing",,,Mondays - Saturdays 8am - 7pm
50,DIVINE EVIDENCE TELECOMMUNICATION,"300 Murtala Mohammed Highway, Calabar",07087740369,Phone & Phone Accessories,,,,,,Mondays - Saturdays  8am - 4pm  
51,DIVINE FAVOUR COMMUNICATION,"2 Mission Road, Igoli-Ogoja",07034549907,"Phones, Recharge Cards",,,"Phones, Recharge Cards",,,Mondays - Saturdays 8am - 5pm
52,DIVINE WILL PHONES LTD,88 Calabar Road Calabar,07034489637,Phones,,,Phones ,,,Mondays - Saturdays 8am - 6pm
53,DOMINION SOIND ELECTRONICS,16 Mount Zion Street Calabar,07062237141,Musical Instrument,,,"Drums, Guitars, Speakers",,,Mondays - Saturdays 8am - 6pm
54,E2COMS,"66/67 Ndidem Usang Iso Road, Calabar ","08052213352, 08069250776 07038840446",Computer Sales & Accessories,,,"Laptop, Printers, Accessories & Repairs",,,Mondays - Saturdays 8am - 7pm
55,ECLIPSE TELECOMS,"79 IBB Way, Calabar",08064012637 08099923805,"Dealers on DSTV Satelite, MY TV, STAR SAT",,"121 Enu-owa Street, Idumota Lagos","Sales & Installation of Satellite, Intercom, Internet",talljoe69@gmail.com,,Mondays - Fridays  8.30am - 6pm   Saturdays 10am - 4pm
56,EFI- COMMUNICATION SERVICES,"27/77 Calabar Road, Calabar","08037249995, 08027066286","Sales of Inverters, Solar Products & Phone Parts",,,GSM Parts & GSM Repair,,,Mondays - Saturdays  7am - 6pm  
57,EFICA'S NIG. ENTERPRISE,"14/15 Nelson Mandela Road, Calabar",08060732325 08135893764,Mouka Foam & General Merchandise,,,,edetokon63@yahoo.com,,Mondays - Saturdays  7.30am -6.30pm  
58,EJASCO SUPERMARKET,"59 Ekpo Abasi street, Calabar.","08033374903, 08020387407",Provisions/Cosmetics,,,Provisions,,,Mondays - Saturdays  8am - 8pm  
59,EKPATEX COMMUNICATIONS,"23 ST. Mary Street by Ekpo Abasi street, Calabar.",08036285124 07039245630,Phones,,,"G.S.M Part, Unlocking of Phones, Flashing",,,Mondays - Saturdays  8am - 9pm  
60,ELITECH,"147 Goldie by Orok Orok Junction, Calabar",08062846356,Sales & Repairs of Phone,,,Sales & Repairs of Phone,elijahpius4real@gmail.com,,7am -8pm
61,EMA FORT ENTERPRISE NIGERIA,"Suite 431 Plaza, Ground Floor, Behind Marian Market, Calabar",08034716973,Gift Items,,,"Household Wares, Wholesale & Distribution",sinyangudo@yahoo.com,,"Mondays - Saturday, 8am-6pm"
62,EMET COMMUNICATIONS,27 Calabar Road,08037796189 08098347054,Phone Repairs & Accessories,,,Phone Repairs & Accessories,,,"Mondays - Saturday, 8am-6pm"
63,EMMATEX COMMUNICATION,"209 Old Odukpani Road, Calabar",07062711688,Phone Sales & Repairs,,,,,,Mondays - Sundays  8am - 8.30pm  
64,ENHANCE CMM.TECH.,14 Atu Street Calabar,08166908810,Phone Repairs,,,Sales of Phone & Repairs,,,Mondays - Saturdays 8am - 6pm
65,ENO MFONISO RESOURCE,Etim Edem Plaza,08054223146,Sales of Drink,,,Sales of Drink,,,Mondays - Saturdays 8am - 6pm
66,ESTO ELECTRONICS SYSTEM,"10 Nelson Mandella Street, Calabar",08033790908,Electronics,,,"Sales of T.V, Sounds Systems & Home Theater",,,Mondays - Saturdays 8am - 6pm
67,EUPHIL COMPUTERS & ACCESSORIES,"11 Omuda Abang Crescent, Four Corners, Ikom",08102669450 08059805337,Computer & Accessories,,,"Laptops, Copiers, Printer & Accessories",euphilcommunications@yahoo.com,,Mondays - Saturdays 8am - 6pm
68,EVANOIKS,"1 White House Street, Calabar",08093126656 08052365372,Phones,,,"Nokia, Samsung, Gionee, Techno",,,Mondays - Saturdays 8am - 6pm
69,E-ZED PHONE ACCESSORIES & TRADING COMPANY,Etim Edem Part Upstairs,"07032731527, 08077773866",Phone Repairs,,"61 Mount Zion Road, Calabar.",Import & Distributor of Cell Phone ,,,Mondays - Saturdays 8am -7pm
70,FIRST CHOICE SHOPPING CENTRE,"1 Lagos Street, Igoli-Ogoja",08063497311,Variety Goods Store (Wholesale & Retail),,,Varieties of Goods (Wholesale & Retail),,,Mondays - Saturdays 8am -9pm
71,FLOURISH SOUVENIRS,"78/83 Ndidem Usang Iso Road, Calabar ",08036157220 08163100499,Household Goods & Gifts,,,Household Goods & Gift Items,,,Mondays - Saturdays  8am - 5pm  
72,FRANK E. NZEREM TELECOM,"47, 49 Etta Agbor Street by Unical Small Gate, Calabar",08034071978 07082172996,"Mobile Phones, Laptop, Chargers, etc.",,08136696465 08173054849,"LCD Screen, Memory Card, Touch Screen, Flex, Ear Piece, Techno/Nokia Phones, Laptop",,,Mondays - Saturdays  8am -8pm  
73,FRANKING MEGABIZ NIG. LTD,"49 Hewett Street, Calabar",08097820127,Satelite Sales & Installation,,,"Satelite, Digital Camera, Computer Games",lorenz3820indhood@yahoo.com,,Mondays - Saturdays  8am - 6pm  
74,FRNKLIN AZUB NGOBIDI ENTERPRISES,76 Calabar Road Calabar,"0803395080, 08052366791",Wine & Beverages,,,Sales Wine/Spirit,,,Mondays - Saturdays 8am - 6pm
75,FUNVIEW COMMUNICATION,"78/79 Ndidem Usang Iso Road, Calabar ",07033599499 08055681115 ,Phone & Accessories,,,Phone & Accessories,,,Mondays - Saturdays 8am - 6pm
76,GADGET GALLERY,"93 Ndidem Usang Iso Road, Calabar ",07032882355 08036669927,"Laptops, Printers, PC Accessories, Tablets",,,"Laptops, Printers, PC Accessories, Tablets",,www.gadgetgallery.com.ng,Mondays - Saturdays  8.30am - 6pm  
77,GENITECH,"111 Ndidem Usang Iso Road, Calabar",09093652867,Computer Sales & Accessories,,,"Laptops, Projectors, Computers, Cameras",,,Mondays - Saturdays 8am - 5.30pm
78,GIFT SHOP TINAPA,"Line A1, First Shop beside T-Mart, Tinapa Resort, Calabar",08083646306,Branded Tinapa Gift Items,,,"T-Shirts, Bags, Perfumes, Pens, Face Caps",,,Mondays - Saturdays 10am - 6pm
79,GLAMOUR ELECTRONICS,106 Ekpo Abasi Street calabar,"08089504986, 08184655186",Electronics,,,Electronics,,,Mondays - Saturdays  8am - 7pm  
80,GLOBAL MARKETING  COMPANY,Etim Edem Park Upstairs,08142651776,Distrubutor of Gala Snacks,,,Sales Of Gala,,,Mondays - Saturdays 8am - 6pm
81,GLOBAL SYSTEM,"Suite 531 Plaza, Behind Marian Market, Calabar",08028450020 08090965880,Laptops Sales & Repairs,,,"Laptops, Repairs, Accessories, Softwares",,,Mondays - Saturdays 8am - 5.30pm
82,GLOBAL TECHNOLOGIES,"Calabar Road opp. Euphil Computers, Ikom",07014467681 07038297744,Phone Repairs,,,Phone Repairs & Accessories,,,Mondays - Saturdays 8am - 6pm
83,GODAFFI INVESTMENT LIMITED,1 Nelson Mandella Road Calabar,"08037135436, 08082697599","Computer Accessories, Stationaries",,"34/45 Nelson Mandela Road, Calabar  ","Computer Accessories, Stationaries",,,Mondays - Saturdays 8am - 6pm
84,GOD'S GRACE COMMUNICATION,"45 Mbukpa Road, Calabar",08068542232,Phone & Accessories,,,,,,Mondays - Saturdays 8am - 7pm
85,GOD'S OWN  INVESTMENT LTD,"28 Edim Otop Street, Calabar",08066590323 080362001712,Phone & Phone Accessories,,,"Headset, Sim Packs, GSM Accessories, Recharge Cards",,,Mondays - Saturdays 8am - 7pm
86,GOD'S TIME,"200 Old Odukpani Road, Calabar",08032656000 07087089831,Electronic,,,,,,Mondays - Saturdays  8am - 8pm  
87,GOD'S TIME COMMUNICATION VENTURE,"140 Old Odukpani Road, Calabar",08060294625 07052505509,Phone & Phone Accessories,,,,,,Mondays - Saturdays  8am - 6pm  
88,GOD'S TIME ELECTRICAL ENTERPRISE,"5 Ediba Road, Calabar",08060963269,Electrical & Electronics,,,"Bulbs, Cables, Generator Parts, Fan",,,Mondays - Sundays  8am - 8pm  
89,GOODLAND MUSICAL INSTRUMENTS COMPANY,"95b Mayne Avenue, Calabar",08033674936,Installation/Hire of Musical Instruments,,,Installation/Hire of Musical Instruments,,,Mondays - Saturdays 8am - 7pm
90,GRACE SUPERMARKET,115 Akim Road Calabar,09029107225,SUPER STORES,,,"Drinks, provision",,,Monday - Saturday 8am - 6pm
91,GREAT IDEAL COMMUNICATION SYSTEM,1 Etim Edem Street Calabar,"08035049560, 08056556685",Sales of Phones & Laptop,,,Import & Export of phones & laptop,,,Mondays - Sundays 8am-6pm
92,GREAT WILL'S COMMUNICATION LTD,"200 Murtala Mohammed Highway, Calabar",07034489637 08153879797,Phones Sales & Repairs,,,Phones Sales & Repairs,ofonime575@gmail.com,,Mondays - Saturdays  8am - 6pm  
93,HAN BECTHER NIGERIA LIMITED,"Plot 7 Akai-Efai Layout by Solomon Foundation School road off MCC Road, Calabar",08137926658 08182568499 08056264712,Sales and Installations,,,"Digital / Analogue Wireless Radio Communiction Equipment, Marine / Private UHF/VHF Walky Talky Radios, Fabrication and Erection of Radio Masts, High Density Car Sirens, Security Equipment such as Metal Detectors, Aviation Lights,  Thunder Arrestors",,,
94,HARRI DON MORE GLOBAL RESOURCES NIG,"20 Old Odukpani Road, Calabar",08076876985,Wine & Religious Items,,"6 SPC Quarters by Mutee, Calabar",,,,Mondays - Saturdays  8am - 9pm  
95,HICOMEDIA BOOK AND RESOURCES,49 Ekpo Abasi Street Calabar,08023502125,"Resource Book, Tape",,,"CDs, DVDs, TAPES, Books",,,Mondays - Saturdays 8am - 6pm
96,HIGHER LIFE TECHNOLOGIES,"46 Mbukpa Road by Waddell, Calabar",08095705005,Phone & Accessories,,,"Phones, Repairs, Memory Cards, Accessories",,,Mondays - Saturdays 7am - 7pm
97,I. O. GLOBAL NETWORK SYSTEM,"8b Mayne Avenue, Calabar",08037050150,Computer & Phone Accessories,,,Computer & Phone Accessories,,,Mondays - Saturdays  8am - 2pm  
98,ICHE & (NIG) ENTERPRISE,"41 Bedwell Street, Calabar",08033620550,Textile,,,"Textile, Curtain Material",,,Mondays - Saturdays  8am - 6.30pm  
99,IFECO ELECTRONICS LTD,76 Calabar Road Calabar,08039343409,Electronic,,,Sales Musial Instrument,,,Mondays - Saturdays 8am - 6pm
100,IFYCOS INTER LINK ENTERPRISE,8 Bassey Duke Street Calabar,"08063381582, 08094744454",Electronics & Electricals,,,"Sales of T.V, Generator, Fancy Fan",,,Mondays - Saturdays 8am - 6pm
101,IK MUSICAL INSTRUMENTS,"27 Ediba Road, after Eastern Secondary School, Calabar",08136715984 08153532180,Suppliers of Musical Instrument,,,Electronics & Musical Instrument,,,Mondays - Saturdays  7am - 7pm  
102,IRON DOCTOR & SONS INVESTMENT,"1 Abakpa, Ndok Junction, Ogoja",07037672199,Dealers on all Types of Iron,,,"Wheel Barrow, Zinc, Rods, Nails",,,Mondays - Saturdays  9am - 10pm  
103,ISLANDERS TECHNOLOGY,"94 Ndidem Usang Iso Road, Calabar",08066093131,Telecommunications,,,,,,
104,IT FIRELINK COMMUNICATION,"20 Mbukpa Road, Calabar",07039102533 08028806879,"Phone, Ipod & Accessories",,,"Phone, Laptop, Mp3, Mp4, Ipod & Accessories",itfirelinkcommunication@yahoo.com,,Mondays - Saturdays 8am - 7pm
105,JAKECYL VENTURES,"Shop 5/12 MCC Road by Effio-ette Junction, Calabar",08037075390 07035066920,"Ice Blocks, Cooling Drum, Sachet Water, Bottle Water",,,"Ice Blocks, Cooling Drum, Sachet Water, Bottle Water",,,
106,JANNY SUPERMARKET,"25 Mission Road, Igoli-Ogoja",080373399787,Varieties Products Stores,,,"Cosmetics, Foodstuff, Beverages, Wine",,,Mondays - Saturdays  8am - 10pm  
107,JENO ENTERPRISE NIGERIA. CO,"50 Bedwell Street,Calabar",08034075064,Electrical Appliances,,,"Generator, Agro Mahines ",,,Mondays - Saturdays 8am - 6pm
108,JERRY BEST ELECTRICALS & ELECTRONICS,"4 Atimbo Road, Calabar",08183113981,Electricals & Electronics,,"9 Target Road, Calabar","Cable, Chandelliers, Sockets, Installation",,,Mondays - Saturdays 7am - 8pm
109,JO-ELCOM TECHNOLOGIES,2 Mount Zion Street Calabar,"08055971723, 08069343818",Telecommunication,,,phones & Laptop,,,Mondays - Saturdays 8am - 6pm
110,JOEMEG STORES,"Shop 2, 531 Plaza, Behind Marian Market, Calabar",08035433531 08039771971,"Assorted Juice, Unisex Wears & Accessories",,,"Drinks, Clothing, Perfumes, Toiletries",solobrownies@yahoo.co.uk,,Mondays - Saturdays 7.30am - 6pm
111,JONNITEX WINE SHOP,"76 Calabar Road, Calabar",08033950380,"Distributors of Wine, Spirit & Juice",,,"Wine, Spirit & Juice",,,Mondays - Saturdays  8am - 6pm  
112,JUSTICE EMMAN INT'L COMMUNICATION SOL,"39 Inyang Street, Calabar",07030706634 07087470922,Phones Accessories & Repairs,,,,,,Mondays - Saturdays 8am - 9pm
113,KACHIBEST ENTERPRISE,85 Mayne Avenue By Ekpo Abasi,"08095035025, 08063299879",Musical Instrument,,,Sales of Musical Instrument,,,Mondays - Saturdays 7am - 7pm
114,KELVO COMMUNICATION,"32 Edim Otop Street, Calabar",07069483011,Phones & Accessories,,,"Phone Casing, Recharge Cards, Memory Card",,,Mondays - Saturdays  8am - 6pm  
115,KENOX ELECTRICAL COMPANY,"12 Ndidem Usang Iso Road, Calabar ",09097461071,Lightings & Fittings,,"36 Goldie Street, Calabar","Chandeliers, Wall Bracket, Cables",,,Mondays - Saturdays  8am - 8pm  
116,KENTATA PROVISION,"MCC Road by Effio-ette Junction, Calabar",07031509381,"Provision, Wine & Cosmetics",,,"Provision, Cosmetics, Wine",,,Mondays - Saturdays  8am -10pm           Sunday 2pm - 10pm
117,KENWA NKYSOWO COSMETICS / PROVISION SHOP,"249 Old Odukpani Road, Calabar",07089914906,Provision & Cosmetics,,,,,,Mondays - Saturdays  8am - 8.30pm  
118,KEZI-BEST VENTURES,"8 Ndidem Usang Iso Road, Calabar ",08063923007,"Electricals, Fittings & Accessories",,,"Electrical Cables, Fittings, Accessories",,,Mondays - Saturdays 8am - 9pm
119,KINGS GIFT ENTERPRISE,33 Mount Zion Road Calabar,"08033801190, 08037027305",Bulding Materials,,,"Bath, Toilet, Tiles",,,Mondays - Saturdays 8am - 6pm
120,KINGS TECHNOLOGY,"38, 138 Atekong Drive by Tuns 7, Calabar",08063514103,Phones Accessories & Repairs,,,Repairs & Servicing,,,Mondays - Saturdays 8am - 7pm
121,KPAKSBUDDY (NIG) LTD,"27 Border Road, Ikom",08062367952 07068598427,Cement Dealers,,,Dealers on United Cement,,,Mondays - Saturdays 8am - 5pm
122,LA DONNA ,"15 Ndidem Usang Iso Road, Calabar",07037588781 08068401480,"Perfumes, Cosmetics, Gift Items",,,"Elizabeth Arden, Clinque, Makari, Lancome, Loreal, Victoria Secrets, Derma Blend, Fashion Fair",,,Mondays - Saturdays 8am - 6pm
123,LA QUEENTA WINERY (DRINKS),"67 Edgerly Road, Calabar",08063712213 07069394561,"Wine, Juice, Spirit",,,"Wine, Juice, Spirit",,,Mondays - Saturdays 8am - 6.30pm
124,LAPTOP SHOP,"89 Ndidem Usang Iso Road, Calabar ",08037063705,Computer Sales & Accessories,,"40 Nwaniba Road, Uyo","Laptops, Projectors, Ipad",,,Mondays - Saturday
125,LAST SOLUTION COMMUNICATION SYSTEMS,"57 Palm Street, Calabar",07038839094,Computer Repairs,,,Sales of Computer & Repairs,,,Mondays - Saturdays 8am - 6pm
126,LATEST ELECTRICALS/ELECTRONICS,103  Yellow Duke Street Calabar,08064969506,Electrical appliances,,,Sales of Television & Sockets Extension,,,Mondays - Saturdays 8am - 6pm
127,LIVING DREAMS ELECTRICAL & ELECTRONICS CO.,"39 Ndidem Usang Iso Road, Calabar ",08036258718 08028455553,General Contractors & Suppliers,,,"Business Consultants, Logistic Supply, General Goods & Services",,,Mondays - Saturdays 8am - 8pm
128,M.C.CHRISTIAN STORES,"263 Etta Agbor Layout opp. Unical Secondary School, Calabar",08063600806 08095164367,Stationaries,,   ,"Stationaries, Textbooks, Novels, Bible, Hospital/ Scientific Equipment",,,Mondays - Saturdays 8am - 8pm
129,MAGFLEX COMMUNICATION,34 Calabar Road Calabar,"08038249776, 08064025510",Phone,,,Phone & Accessories,,,Mondays - Saturdays 8am - 6pm
130,MAJESTY PHONES LTD,"Shop 3 Ishie Plaza Old Odukpani Road, Calabar",08069343666,Phones & Accessories,,,,,,Mondays - Saturdays  8am - 6pm  
131,MARIA'S SHOP,78 Ibb Way Calabar,07033783038,Provision Store,,,Provision & Drinks,,,Mondays - Saturdays 8am - 6pm
132,MARIMOH'S STORES,54B Mount Zion Road Calabar,"07033441920, 0909938227",Sourvenirs,,,"Coverage, Perfumes & Sourvenir",,,Mondays - Saturdays  8am - 7pm  
133,MARKETING ENTERPRISE,82 Palm Street Off Mayne Avenue Street  calabar,"08035536070, 08094934186",Sales of Drinks,,,Drinks,,,Mondays - Saturdays 8am - 6pm
134,MARY CHRIS SHOP,82 Ibb Way Calabar,08067080083,Provision,,,Drinks & Provision,,,Mondays - Saturays 8am - 6:30pm 
135,MAYOR FAST FOOD,82 Ibb Way Calabar,08035665628,Provision,,,Drinks & Provision,,,Mondays - Saturdays 8am - 6pm
136,MEGA-ROCK INDUSTRY,"Shop C3 Tinapa Business Resort, Calabar",08167371477 08033801933,Supermarket Items,,,"Slimming Teas, Baby Food, Beverages, Vegetable Oil",lambovng@gmail.com,,Mondays - Saturdays 9am - 5pm
137,MENSCO TECHNOLOGY,"14 Musaha Street, Calabar",08026829893 070675100404,Phones,,,"Phone Repair, Unlocking, Accessories, Flashing",,,Mondays - Saturdays 8am - 6pm
138,MERCY SHOP,82 Ibb Way Calabar,07037658441,Provision,,,Provision & Drinks,,,Mondays - Saturdays 8am - 6pm
139,MILKYWAY SUPERMARKET,"300 Old Odukpani Road, Calabar",08061630856 07012203144,Retail Sales of Consumer Goods,,,,,,Mondays - Saturdays  7am - 9pm  
140,MIRACLE N COOMPY  SOLUTION SYSTEM & SER PIO,"85 NAOWA Shopping Plaza by Army Junction, Calabar",,"Phone, Laptops & Accessories",,,,,,Mondays - Saturdays  8am - 5pm  
141,MIRACLE PATRICK STORES,"1 Ekpo Iso, Calabar",08061264269 08162726245,Provision & Cosmetics,,,,,,Mondays - Saturdays  6am - 10pm          Sunday 3pm - 10pm  
142,MOBILE ZONE,"1 White House Street, Calabar",07033324891,"Techno, Nokia, Samsung",,,"Techno, Nokia, Samsung",,,Mondays - Saturdays 8am - 6pm
143,MODEYMICK SOUVENIR & GIFT PLANET,"4 SPC Road Near Fed. Housing Police Station, Calabar",08035507550 08093879688,Sourvenir & Gift Shop,,,"Wedding, Birthday, Kids Gift Items",modeymickgift@gmail.com,,Mondays - Saturdays 8am - 6pm
144,MOFFI POWER PLANET,"73 Ndidem Usang Iso Road, Calabar ",08033868887 08053442499 ,Electronical Product,,,"Bulb, Lamp, Fan, Electrical Cable",moffipowerplanet@yahoo.com,,Mondays - Saturdays 8am - 7pm
145,MONDAY'S STORE,"133 Old Odukpani Road, Calabar",08036030016,Provision & Cosmetics,,,,,,Mondays - Saturdays  8am - 10pm  
146,MONEYMEN STORE,41 Ibb Way Calabar,08130186687,Wholesale Drinks,,,Drinks & Provision,,,Mondays - Saturdays 8am - 6pm
147,MORENIKE KAY N KAY STORES,79 Ndidem Usang Iso Road Calabar,08033514279,Drinks & Other Accessories,,,"Watches, Belt, Drinks, Provision",,,Mondays - Saturday 7am - 8pm
148,MOSCO COMMUNICATION SERVICES,"Park Lane by Border Road, Ikom",08064772094 08058036317,Phone & Accessories,,,Phone & Accessories,,,Mondays - Saturdays  8am - 5pm  
149,MUA ENTERPRISES,29 Ndidem Usang Iso Road Calabar,08175457433 07030460722,Provision Store,,,Provision Store & Drinks,,,Mondays - Saturdays 7am - 8pm
150,N & N NIG. ENTERPRISES,"7 Garden Street, Calabar",08033881427 08030633697,Safety& Equipment,,,"Supply of Industrial Materials, Welding & Woodwork Equipment",nyandifreke@yahoo.com,,Mondays - Saturdays 8am - 6pm
151,NAPPY G.S.M CLINIC,17 Palm Street Calabar,07064463611,Phone Repairs,,,Phone Repairs & Sales of Parts,,,Mondays - Saturdays 8am - 6pm
152,ND COMPUTER WORLD,"77 Calabar Road, Calabar",08039123561,Sales & Repairs of Computer,,,,,,Mondays - Saturdays  8am - 6pm  
153,NED SYSTEMS,"39 Ndidem Usang Iso Road, Calabar ",08037183338  08093129165 08176285865,Computer & Accessories,,,Computer Services & Household,,www.egobia.com,Mondays - Saturdays 8am - 6.30pm
154,NEDUS COMPUTER AND COMMUNICATION,"53 Bedwell Street, Calabar",08035050809,"Phone Accessories, Recharge Cards & Laptop",,,"Phone Accessories, Recharge Cards & Laptop",,,Mondays - Saturdays 8am - 6pm
155,NESTER ALUMINUM,54 Mayne Avenue Street Calabar,08039090338,Alluminium Material,,,Making glass show cases & Alliminium Doors,,,Mondays - Saturdays 8am - 6pm
156,NG- WAY SUPERMARKET,55 Palm Street Calabar,"08069268120, 08063097515",Provisions,,,Provisions & Drinks,,,Mondays - Saturdays 8am - 6pm
157,NKEM STORES,"155 Old Odukpani Road, Calabar",08064436681,Supermarket,,,,,,Mondays - Sundays 7am - 10pm
158,NNAJI PROVISION STORE,"82 Egerton Street, Calabar",08037641981,Provision Store,,,Provisions,,,Mondays - Saturdays  8am - 8pm  
159,NO LIMIT ENTERPRISE,"80 Calabar road, calabar","08033505905, 08033897438",Phone Shop,,,Phone Sales & Repairs,,,Mondays - Saturdays  8am -6pm  
160,NS COMMUNICATION AND TECHNOLOGY,89 Ekpo Abasi Street Calabar,08138932228,Phone,,,All types of Phone and Repairs,,,Mondays - Saturdays 8am - 6pm
161,OBIGOD ELECTRONICS,"13, 19 Nelson Mandella Road Calabar","08098223663, 08035753982",Electronics,,"5 Target Road, Calabar 08138860296","Sales of T.V, Home theartre, DVD",,,Mondays - Saturdays 8am - 9pm
162,ODE GOLDSMITH WORK,"49 Etta Agbo opposite Unical Gate, Calabar","08105740373, 08087923198",Repairs of Gold Material,,,"Repairs of Gold Rings, earing, Bracelets & Chain",,,Mondays - Saturdays 8am - 6pm
163,ODINKA ELECTRONICS,"50 Bedwell Street,Calabar",08037110092,Electronics,,,"Generator, Television, DVD ",,,Mondays - Saturdays 8am - 5pm
164,OK BENEK STORES,"86 MCC Road by Effio-ette Junction, Calabar",08034188994 08094455490,Drinks & Cosmetics Shop,,,"Wine, Spirit, Cosmetics, Provisions",macbenison@yahoo.co.uk,,Mondays - Sundays  8am - 11pm  
165,OLAENYI STORES,"6 Thomas Ishie Street, Calabar",,"Provision, Plastic",,,,,,Mondays - Saturdays  8am - 7pm  
166,OLIVITE IMPRESSION,"12 Etta Agbor Road, Calabar",08037651703 08122224653,Computer Systems & Accessories,,,Computer Systems & Accessories,,,Mondays - Saturdays  8am - 7pm  
167,OMAS SHOP MARTS,"2 Ekorinim 11, Calabar",09099938823 08068074667,Provision & Cosmetics,,,"Soft Drinks, Juice, Wine, Provision, Toiletries",,,Mondays - Saturdays 8am - 6pm
168,OPTIMISTIC PLAZA,"45 Etta Agbor Road, Calabar",08063406388 08028655995,"Phone, Computer & Accessories",,,"Phone, Computer, Digital Camera, Laptop Charger",,,Mondays - Saturdays 8am - 6pm
169,OPTION BEST COMMUNICATION,"26 Edim Otop Street, Calabar",08063216804 08056878700,Phone & Accessories,,,"Phone Casing, Chargers, Memory Card",,,Mondays - Saturdays  8am - 7pm  
170,OSCAR'S LINK ENTERPRISES,"23 Mary Slessor Avenue, Calabar",07039471194,Sales of Computer & Stationery,,,,,,Mondays - Saturdays 8am - 6pm
171,OUR LADY QUEEN OF ALL SAINTS BOOK CENTRE,"79 Egerton Street, Calabar",08056740805,Bookshop,,,,,,Mondays - Saturdays  8am - 6pm  
172,PAYLESS COMMUNICATION LINK,"7 Johnson Ishie Street, Calabar",08030987644,Phones & Accessories,,,,,,Mondays - Saturdays  8am - 6pm  
173,PEGGI SHOP,39 Mcc Road Calabar,08052793255,Drinks,,,Drinks & Provision,,,Mondays - Saturdays 7:30am - 6:30pm
174,PEOPLE' CHOICE COMMUNICATION,175 Goldie Street Calabar,"0817654265, 08084153144",Phone Accessories,,,Phone Product,,,Mondays - Saturdays 8am - 8pm
175,PETERIUK SERVICES,1 Bassey Duke Street Calabar,07037959026,Phones,,,"Techno Phones, Nokia Phones & Ear Piece",,,Mondays - Saturdays 8am - 6pm
176,PHONE HOUSE INTERNATIONAL,38 Atekong Drive Calabar,08034803337 08059590448,Phone Sales,,,All Kinds of Phones & Accessories,,,Mondays - Saturdays 8am - 6pm
177,PHONE REPUBLIC,"1 White House Street, Calabar",08033910342 08099916186,Phone,,,"Techno, Nokia, Samsung",,,Mondays - Saturdays 7.30am - 6.30pm
178,PHONE SOLUTION LTD,"75 Ndidem Usang Iso Road, Calabar (Opp.Cal.Mun.Council)",08033908033,Phone Sales & Repairs,,"15 Oche Rore Street, Ikom","Mobile Phones, Tablets, Gadgets, Accessories & Repairs",,,Mondays - Saturdays 8.30am - 6pm
179,PLUS GADGETS,"3 Asari Eso Layout, Calabar",08033416950 09030038447,Gadgets & Accessories,,,"Gadgets, Laptops & Accessories",plusgadgets.ng@gmail.com,,Mondays - Saturdays 8.30am - 6.30pm
180,PORTABLE DECISIONS,"86 Ndidem Usang Iso Road, opposite Municipality, Calabar",08067441616 08123811104,Computer & Accessories,,,"Laptops, Accessories, Projectors, Services",,decisionport@yahoo.com,Mondays - Saturdays  8am - 6pm  
181,PRESTIGE MART,"106 MCC Road, Calabar",08035733270 08032568315,Wine & Cosmetics,,,"Bags, Cosmetics, Wears",,,Mondays - Saturdays  8am -7pm  
182,PRIEST BUSINESS CENTRE,"54 Afokang Street, Calabar",08063987637,"Phone Accessories, Repairs & Maintenance",,,"Phone Accessories, Repairs & Maintenance",,,Mondays - Saturdays  8am - 9pm  
183,PROFESSION,"23 Mary Slessor Avenue, Calabar",08166244988,Provision/Drink Store,,,"Provisions, Biscuit,  Cocacola,  Soap,",,,Mondays - Saturdays 8am - 5pm
184,PROFESSOR DAN TECH,"18 Afokang Street, Calabar",08069326192,"Phone, Accessories & Repairs",,,"Phone, Memory Cards, Recharge Card, Repairs",,,Mondays - Saturdays  8am -7pm  
185,PROVISION,"235 Old Odukpani Road, Calabar",08030646618,"Cosmetics, Provision, Wines",,,,,,Mondays - Sundays  6am - 9pm  
186,R.Y COMMUNICATION,"29 Mbukpa Road, Calabar",08177379225 08173849980,Phone & Repairs,,,Phone Repairs & Maintenance,,,Mondays - Saturdays 8am - 7pm
187,REGTON SUPERSTORES,"110/64 Murtala Mohammed Highway, Calabar",08033405321,"Household Items, Cosmetics, Boutique",,,"Gift Items, Household Items, Books, Cosmetics",,,Mondays - Saturdays 8am - 8pm
188,RICH CHUKS WINE SHOP,"108 Ekpo Abasi Street, Calabar",08064673319,Wines,,,Assorted Wines,,,Mondays - Saturdays  8am - 6pm  
189,ROLLING MAGNET COMPUTER & PHONE REPAIR,"47 Atimbo Road, Calabar",08063195121,Computer & Phone Repairs,,,"Computer Repairs, Phone Accessories",,,Mondays - Saturdays  8am - 7pm  
190,"ROSEBERRY WINE, GIFT & FLOWER SHOP","75 MCC Road, Calabar",08063686932,"Gift Items, Wine & Flowers",,,"Household Items, Wine, Vases & Flowers",,,Mondays - Saturdays 8am - 8pm
191,ROYAL SHOP,"17 Mbukpa Road, Calabar",08065723253 08071245191,"Plate, Spoon, Cup, Rice, Indomie",,,"Rice, Indomie, Plate, Spoon, Cup",,,Mondays - Saturdays 8am - 7pm
192,SAFETY STORES,59 Marian Road Calabar,07035013293,Provision Store,,,"Provisions, Drinks, Milk Etc",,,Mondays - Saturdays 7am - 7pm
193,SAMMY GOD SHOP,"38 Bedwell by Nelson Mandela street, Calabar","08094413732, 07034005631",Phone Accessories,,,Phone Accessories & Recharge Cards,,,Mondays - Saturdays  8am - 6pm  
194,SAMS BRIGHT ELECTRO-MARTS ENTERPRISE,7 Nelson Mandella Road calabar,"08066535826, 08182793448",Electricals,,,Electrical Gadgets & Instaliation,,,Mondays - Saturdays 8am - 6pm
195,SETTIME CHILDREN EDUCATIONAL RESOURCES,"80 Calabar Road, Calabar",08077788879,Children Educationals,,,,,,Mondays - Saturdays  8am - 5pm  
196,SHAMMAH BOOK SHOP,37 Akim Road Calabar,09099933344,Book Store & Wine,,,"Wine, Soft Drinks, Bookshop",,,Mondays - Saturday 8am - 6pm
197,SHARP BRAINS BOOKSHOP,"169 Old Odukpani Road, Calabar",08188705878,Book & Stationery Shop,,,,,,Mondays - Saturdays 7am - 8.30pm
198,SILONE INVESTMENT NIG.,"54 IBB Way, Calabar",07064554091, Electronics & Electrical Shop,,,Gas Cooker & Cables,,,Mondays - Saturdays 8am - 9pm
199,SKYVIEW TECHNOLOGIES,"7 White House Street, Calabar",08037584588,Phone Contractors,,,,skyviewworldwide@gmail.com,,Mondays - Saturdays 8am - 6pm
200,SKYVIEW WINE SHOP,"40 Spring Road, Calabar",08062775693 08023086111,Wine Shop,,,"Wines, Spirit, Juice",,,Mondays - Saturdays  8am - 8pm  
201,SLOT SYSTEMS,"18 Ndidem Usang Iso Road, Calabar",08055499408 08055499409,Phones & Gadgets (Sales & Repairs ),,,"Phones, Gadgets, Accessories & Repairs",,www.slot.ng,Mondays - Saturdays 8am - 6pm
202,SMART EYAM O & IDEM KINGSFLO ELECTRONICS,"First Gate Ebrutu Barracks, Old Odukpani Road, Calabar",08035300506,Electronics & Electrical Materials,,,,,,Mondays - Saturdays  8am - 9pm  
203,SODUTEC TECHNOLOGIES,"82 Calabar Road, Calabar",08134149540,"Phones, Computer Accessories & Gadgets",,,"Phones, Computer Accessories & Gadgets",dontemple70@yahoo.com,,Mondays - Saturdays 7.30am - 5.30pm
204,SONI COMPUTER STORE,"80 Calabar Road, Calabar","08037007466, 08036773336",Computer,,,Computer,,,Mondays - Saturdays 8am - 6pm
205,SOUVENIR MART TINAPA FREE TRADE ZONE,"Shop B4 Tinapa Free Trade Zone, Calabar",08023515075 07066156386,"Sourvenirs, Household & Gift Items",,,"Sourvenirs, Household & Gift Items",,Sourvenirmart.com,Mondays - Saturdays 9am - 6pm
206,SPARKS SHOPZ,"55 Etta Agbor Road, Calabar",08064025069,Household Items & Cosmetics,,,"Perfumes, Frozen Foods, Household Items, Cosmetics",,,Monday - Sarturday 8am - 8pm
207,SPIRITUAL & RELIGIOUS SERVICE SALES CENTRE,"18 Afokang Street, Calabar",08039515867,Spiritual & Religious Material,,,"Candles, Bibles, Incent",,,Monday - Sarturday 8am - 7pm
208,ST IYKE STEEL COMPANY,"236 Old Odukpani Road by Ekpo Iso, Ikot Ansa, Calabar",08063533240 08185264403,Iron & Steel,,,"Rods, Angle Iron, Galvanized & Steel Pipes",,,Mondays - Saturdays 8am - 6pm
209,ST MICHEAL SPIRITUAL SHOP,"57 Palm Street, Calabar",09097459326,St Micheal Spiritual Material,,,"Rosary,Olive Oil, Incence",,,Mondays - Saturdays 8am - 6pm
210,STAPLES MART,"10 Atimbo Road, Calabar",07039097084,Variety Shop,,,"Wines, Cosmetics, Provision, Gift Item",,,Mondays - Sundays  7.30am - 10.30pm  
211,STELLPATT SOURVENIR& GIFT SHOP,"Shop 16 POWA shoping complex opposite Stadium, Calabar","08037238129, 08052014606",Household Accessories,,,Household Accessories& General Marchaandise,,,Mondays - Saturdays 8am - 6pm
212,STRACHAN LEATHER,"50 Bedwell Street,Calabar",08055939988,Leather bags,,,Assorted leather,,,Mondays - Saturdays  8am - 6pm  
213,SUNNY 4 J COMMUNICATION,"5 Old Etomi Road, Ikom",08064240383,Phones & Accessories,,,Phones & Accessories,,,Mondays - Saturdays  8am - 7pm  
214,SURPLUS VALUE SUPERMARKET,"5 Obudu Road, Ikom",08028932775,Provisions & Cosmetics Stores,,,"Provisions, Cosmetics, Drinks",,,Mondays - Saturdays  8am - 8pm  
215,TECHNO MARK,"2C River park complex opposite LE CHATEAU, Mcc road calabar",08099911139,Gift Items,,,"Plates, Flask & trays",,,Mondays - Saturdays 8am - 5pm
216,TECZON (DIVISION OF WILDFORTE GLOBAL LTD),"25 IBB Way, Calabar",08037709797 08037134743,Sales of IT Products & Services,,,Sales of Computers & More,ik_eyo@yahoo.com,,Mondays - Saturdays  8am - 6pm  
217,THE MATRIX WINERY,"106 MCC Road, Calabar",08076890087 08035103138,Wine & Spirit,,,"Wine, Spirit & Cosmetics",,,Mondays - Saturdays  8am -8pm  
218,THE YOUNG THOMPSON ELECTRONIC CO. (NIG),"15 Nelson Mandela Road, Calabar",08035463718,Furniture & Retail,,,,,,Mondays - Saturdays  8am -6pm  
219,TIJAYS VENTURE LIMITED,,08035850295 08113333533,Assorted Wine & Spirit,,,"Henessy, Remy Martins, Red Drostchy Holf",www.ernestenyiworld@yahoo.com,,Mondays - Fridays   8am -6pm  
220,TODAY'S CHOICES SUPERMARKET & STORES,"Shop E6 Tinapa Business Resort, Calabar",08036720192,Variety Store,,,"Cosmetics, Beverages, Drinks, Toiletries, Perfumes",,,Mondays - Saturdays  8am -6pm  
221,TOLYN INDUSTRIAL COMPANY,"80 Calabar Road, Calabar",08037059104,Provision Store,,,Provisions,,,
222,TONYATLA & CO,"22 Mayne Avenue, Calabar",08055164478,Electronics & Generating Plant,,"1 Ibiakono Road Mkpat Enin, AKS","Air Conditioners, Fans, TVs, Refrigerators",,,Mondays - Saturdays  8am - 6pm  
223,TOP SERVICES COMMUNICATION,"91 Calabar Road, Calabar",08134149540,"Phones, Laptop, Satelite Software",,,"Phones, Laptop, Satelite Software",,,Mondays - Saturdays 24hrs
224,TWIN DYNASTY,"TDG Harbour Road by Mopol 11, Calabar",08093599742 08079143785,Provision & Cosmetic Store,,,"Provisions, Confectionaries, Wines, Wears, Cosmetics, Gift Items",,,Mondays - Saturdays  8am - 9pm  
225,UB PHONE SOLUTION,"45 Etta Agbor Road, Calabar",08097393367,Phone Settings & Accessories,,,"Flashing, Upgrading, Formatting, Configuration",,,Mondays - Saturdays  8am - 6pm  
226,UCHE WORLD,"19/23 Nelson Mandela Road, Calabar",08034694256,Electronics & Furniture,,,,,,Mondays - Saturdays  8am -6pm  
227,UD BEST ELECTRONIC,"57 Mbukpa Road, Calabar",07067291979 08034131511,Electronics & Musical Instruments,,,Electronics & Musical Instruments,,,Mondays - Saturdays 8am - 7pm
228,UDEC COMMUNICATION LIMITED,"49 Etta Agbo opposite Unical Small Gate, Calabar",08034545566,Sales of Phones,,,"BB phones, Tecno & Nokia Phones",,,Mondays - Saturdays 8am - 7pm
229,UFIA TEXX STORES,141 Ndidem Usang Iso Road Calabar,07036391585 08099667594,Provision Store,,,"Drinks, Wines & Provision",,,Mondays - Saturdays 7am - 8pm
230,UGONABO TRADING & LOGISTICS LIMITED,"95 Atekong Drive, Calabar",08065316156 08033475532,Imports & Export of Assorted Wines,RC1058073,"Shop D2 Tinapa Resort, Calabar","Italian, Spanish & French Wines",ugonabofze@gmail.com,,Mondays - Saturdays 9am - 6pm
231,UKEME STATIONERIES STORE,"49 Etta Agbor Road, Calabar",07031213985,Stationaries Stores,,,"Stationaries, Computer Accessories, Office Equipment",,,Mondays - Saturdays  8am -6pm  
232,ULTIMATE TELECOMS,"Suite 11, Venetian Mall beside ITF Highway, Calabar",08036387794,"Gadgets, Laptops & Accessories",,,"Phones, Laptop, Cameras, Perfumes, Shoes, Watches",,,Mondays - Saturdays  8am -6pm  
233,UNIQUE SUPERSTORES,"84 MCC Road by Effio-ette Junction, Calabar",08037147314,Wine & Cosmetics Shop,,,"Wine, Beverages & Cosmetics",,,Mondays - Sundays  7am - 11pm  
234,VALUE MART LIMITED,"Venetiam Arena, Highway Calabar",09097071218,Super Market,,,Provision/ Cosmetic etc,gm@valuemant.com.ng,,Mondays - Saturdays 8am - 5pm
235,VENTURES SUPERMARKET,"6 Old Etomi Road, Ikom",08160573939 08072317529,Provision & Quality Cosmetics,,,Provision & Cosmetics,,,Mondays - Saturdays 8am - 7pm
236,VICHTECH NIGERIA,"79 IBB Way, Calabar",08039294802,Phones Repairs & Accessories,,,General Repairs & Accessories,victorokon329@yahoo.com,,Mondays - Saturdays 8am - 7pm
237,WALTHMAN,185 Goldie Street Calabar,"08036826123, 07058004215",Repairs of Phones & Computers,,,Repairs of Phones & Computers,,,Mondays - Saturdays  8am - 7pm  
238,WARANTY NETWORK PHONE LTD,"1 Edim Otop Street, Calabar",08035676815 08188856751,Phone Accessories,,,"Memory  Cards, Bluetooth Headset, Chargers, Batteries",,,Mondays - Saturdays  8am - 7pm  
239,WESTERN HOME LIMITED,21 Nelson Mandella Road calabar,"07034631311, 08071264343",Electronics,,,"Sales of T.Vs, Radios & DVD",,,Mondays - Saturdays 8am - 5pm
240,WILSON COMMUNICATION,"18 White House Street, Calabar",08035085117,Communication Service & Electrical Installation,,,,,,Mondays - Saturdays  8am -5pm  
241,WORLD BEST BUSINESS CENTRE,"13 Howell Street, Calabar",08063607599,"Phone Repairs, Drinks, Snacks, Play Station",,,"Phone Repairs, Drinks, Snacks, Play Station",,,Mondays - Saturdays  8am -8pm  
242,YUYU CHOICE COLLECTIONS,"1a Mekenge Layout, Calabar",08033455675 08109337988,"Household, Gift Item & Unisex Clothing",,,"Kitchen&Home Wares, Bags, Cosmetics, Clothes, Shoes",,,Mondays - Saturdays 8am - 6pm
243,Y-ZED SERVICES,"84 MCC Road by Effio-ette Junction, Calabar",08031584797,Phone Sales & Repairs,,,"Phone Sales, Repairs & Accessories",yzedservices@yahoo.com,,Mondays - Saturdays 8am - 10pm
244,ZARA WINE & GIFT SHOP,"66 NAOWA Shopping Plaza Old Odukpani Road, Calabar",08186676903,"Spirits, Assorted Wine",,,,,,Mondays - Saturdays  8am - 9pm  
245,ZITEL DISTRIBUTION,"97 Ndidem Usang Iso Road, Calabar",08030904255,Mobile Phones,,,"Nokia, Samsung, Blackberry, Techno",,,Mondays - Saturdays  8am - 6pm  