FASHION SERVICES,,,,,,,,,,
,,,,,,,,,,
,,,,,,,,,,
S/N,Company Name,Physical Adress,Hotline,Specialization,RC No/ Date,Branch Offices,Product/Services,Email,Website,Business Days/ Hours
1,ABLE STEPS,"19 IBB Way, Calabar",08033157760,Adult & Kiddies Clothing,,,"Clothes, Shoes, Accessories",,,Mondays - Saturdays  9am - 6pm  
2,ABOVE ALL CLOTHIER,"44 Calabar Road, Mile 2 Junction, Ikom",08028831470 08063433514,Unisex Clothing & Accessories,,,"Blouses, Shirts, Trouser, Bags, Belt, Suits, Shoes",dameecelebrity@yahoo.com,,Mondays - Saturdays  8am - 6pm  
3,ABRAHAM- IYOLIS COLLECTION,2 Orok-orok Street calabar,07039094388,Clothing,,,Unisex cloths,,,Mondays - Saturdays  8am -9pm  
4,ACQUILLA SOLUTION LIMITED,"6 Marian  Road, Calabar",08038554517 08175357987,All Types of Shoes,,"34 Freedom Road, Lekki Lagos","Dressing Shoes, Safety shoes & Sneakers ",,,Mondays - Saturdays  8am - 6pm  
5,AFRO-WEST-SIDE,"55 IBB Way, Calabar",08057571389 08037015376,African Products,,,"African Wears, Beads, Bags, Shoes",affiahnnely@yahoo.com,,Mondays - Saturdays  8am - 6.30pm  
6,AJEBOH CLOTHINGS,133 Ndidem Usang Iso Road Calabar,08069493588,Wears,,,Corprate Branding of Clothes,ajebohclothing_wyte@yahoo.com,,Mondays - Saturdays  8am - 8pm  
7,AKUHEMS STYLE,94 Ndidem Usang Iso Road Calabar,08030996032,Female Wears & Accessories,,,"Female Wears, Shoes & Accessories",,,Mondays - Saturdays  8am - 6.30pm  
8,ALEE COUTURE & LAUNDRY,"149 Goldie, Calabar",08033897438,Sewing & Laundry,,,Sewing of Traditonal & coporate outfit,,,Mondays - Saturdays  8am -6pm  
9,ALL TRENDY VOGUE,"98 IBB Way, Calabar",08034491025,Female Wears & Accessories,,,"Gowns, Tops, Jeans, Shoes & Accessories",,,Mondays - Saturdays  8am - 7pm  
10,AMERICAN PRIDE,111 Ndidem Usang Iso Road Calabar,08023573371 07037694930,Unisex Wears,,,"Unisex Wears, Computer & Stationeries",,,Mondays - Saturdays  8am - 6pm  
11,APPLES OF GOLD,102 Ndidem Usang Iso Road Calabar,07037636969,Female Clothings & Accessories,,,"Wears, Bags, Luggages, Hats & Cosmetics",myapplesofgold@gmail.com,,Mondays - Saturdays  8am - 6pm  
12,AROSE,"50 Bedwell Street, Calabar.","08054672244, 08036200511,",Authentic Wear,,,Men's wear,,,Mondays - Saturdays  8am -6pm  
13,ARTHEX BOUTIQUE,44 Bedwell Street Calabar,08082374318 08052374318,Boutique,,,"Shirts, Jean, Trousers, Belt, Shoe",,,Mondays - Saturdays  8am - 6.30pm  
14,ATTRACTIVE COLOURS LIMITED,"Tinapa Resort, Calabar",08063988834,Clothing and Handbags,,,Clothing and Handbags,,,Mondays - Saturdays  9.30am  
15,AVILLA BOUTIQUE,"22 Ndidem Usang Iso Road, Calabar",08055228471,"Clothing, Shoes & Designer's Perfume",,,"Female Clothes, Shoes, Perfumes, Accessories",,,Mondays - Saturdays  8am - 6pm  
16,AWESOMEBLESS JEWELLERY VILLA,22 Mount Zion Calabar,08055865262,Jewellery,,,Jewellery,,,Mondays - Saturdays  8am - 6.30pm  
17,AWUKLIN'S FASHION,"141 Ndidem Usang Iso Road, Calabar",07038617546,Kids & Adult Ankara Outfit,,,"Ankara Dresses, Casual Outfit, Senators Wear",dperfect22@yahoo.com,,Mondays - Saturdays   
18,BALUET EXCLSIVE WEARS & SUNDRIES,"1 Mary Selessor Avenue, opp DE-Choice fast food","08033483030, 08069400964",Boutique,,,"Babaies,chidren wears,Toys, Unisex Suits",,,Mondays - Saturdays  8am - 6.30pm  
19,BEAUTY & TRENDS,"Tinapa Free Zone & Resort, Calabar",08037139138,Beauty & Fashion,,,"Unisex Clothing, Foot Wears, Weavon, Make-up Products",,info@beautyandtrends.com,Mondays - Saturdays  9am - 6pm  
20,BEST IMPRESSION BOUTIQUES,"Plot 217 Former NIPOST Qtrs Beside Prison Officers Mess Stadium,  Calabar ",08169448542 08184747793,Unisex Clothing,,109 Nitel Quarters Stadium Calabar 08186756559  08106933274,"Clothes, Bags, Shoes, Shirts, Jean, Gown, Suit, Accessories",,,Mondays - Saturdays  8am - 7pm  
21,BEST UNISEX COLLECTION,"107 Old Ikang Road, Calabar",07081416263 08189398531,Unisex Clothing & Jewellery,,,"Clothing, Shoes, Jewels, Belt",,,Mondays - Saturdays  8am - 8pm  
22,BETHNEILLS MULTII,47 Bedwell Street Calabar,07056834081,Boutique,,,"Shirts, Jean,belts and shoe",,,Mondays - Saturdays  8am - 6.30pm  
23,BIFAXCO JEWELRY,5 Goldie Street Calabar,"08039184489, 08097739714",Gold Jewelery,,,"Chains, Gold Bangle, Gold Earing, Gold Watch & Rings",,,Mondays - Saturdays  8am - 6.30pm  
24,BLESSED LIVING BOUTIQUE ,8 Godie street calabar,08034062269,Clothing,,,"Shirts, Jean and shoe",,,Mondays - Saturdays  8am - 6.30pm  
25,BLUE KRYSTAL AVENUE,"120 Parliamentary Road, Calabar",07062022005,Unisex Wears,,,"Clothes, Shoes & Jewels",contactbluekrystal@gmail.com,,Mondays - Saturdays  8.30am - 7pm  
26,BODY CAVE,"58/68 Ndidem Usang Iso Road, Calabar",08037236859 08182001961,"Sale of Garment, Footwears & Accessories",,,"Garment, Footwears, Accessories/Customer Service",bodycave@yahoo.com,,Mondays - Saturdays  8am - 8pm  
27,BOUTIQUE CONCEPT,"136 Old Odukpani Road, Calabar",08032259760,Ladies Wears,,,"Clothes, Shoes,Wrist Watches & Accessories",,,Mondays - Saturdays  8am -6pm  
28,BOYCE- X FASHION,85 Mayne Aveneue,"08160552237, 08096187086",Sewing,,,Men's wear,,,Mondays - Saturdays  8am - 6.30pm  
29,BROWNDIVA,"7 Barracks Road, Calabar",08022161307 08180159390,Clothing & Accessories,,,"Indian Wears, Beads, Rings, Hair Clips, Earrings",,,Mondays - Saturdays  8am - 6pm  
30,C' VIRGIN BOUTIQUE,7 Mount Zion Street Calabar,08032338416,Clothing,,,Unisex cloths,,,Mondays - Saturdays  8am - 6.30pm  
31,CHIBEST BOUTIQUE,55 palm Street Calabar,"08039478132, 07032201960",Clothing,,,"jean, shoes, Belt & Shirts",,,Mondays - Saturdays  8am - 8pm  
32,CHIDDY COLLECTIONS,"50 Bedwell Street, Calabar.",08033923018,Clothing,,,Unisex cloths,,,Mondays - Saturdays  8am -6pm  
33,CHIDEX BOUTIQUE,"74 IBB Way, Calabar",07031624098 07080150244 08182920506,"Men Clothing, Shoes & Accessories",,,"Spain, Italian & Fairly Used Shoes",,,Mondays - Saturdays  7am - 10pm  
34,CHOCO TRENDS,"28 Ndidem Usang Iso Road, Calabar",08039318088,"Clothing, Cosmetics & Accessories",,,"Unisex Clothes, Shoes, Bags, Accessories, Cosmetics",,,Mondays - Saturdays  8am - 8pm  
35,CHUCKS 'N' LOOKS FASHION HOME,"Dominion House, 35 Ediba Road, Opp. Ecobank, Calabar",08039617913 08037076282,Wears & Accessories,,,"Shirts, Suit, T. Shirts, Ties, Trousers, Men & Women Wears",,,Mondays - Saturdays  8am -6pm  
36,CITA EXCLUSIVE OUTIT,54 Bedwell Street Calabar,08057649679,Men Wears,,,Men's wear,,,Mondays - Saturdays  8am -6pm  
37,CLASSIC ISLAND,Shop 25 Big Qua Shoping Compex Calabar,"07031698934, 08035269360",Boutique,,,"Suit, Shoes, Shirts, Belts& Jean",,,Mondays - Saturdays  8am - 6.30pm  
38,CLIFF COMMERCIAL SYNDICATE NIG.,"2 Mount Zion Street, Calabar",07034677363,Unisex Shoes & Luggages,,,"Executive & Ord. Frolly Boxes, School bags, Ladies Shoes",,,Mondays - Saturdays  7am - 8.30pm  
39,COLLINS C OLLECTION,"1 Orok Orok by Goldie street, Calabar",07038729697, Men & ladies wear,,,Unisex cloths,,,Mondays - Saturdays  8am -7pm  
40,COLOUR BOUTIQUE,"FHE Junction Ikot Ansa, Old Odukpani Road, Calabar",07039689511,Men Wears & Accessories,,,,,,Mondays - Saturdays  6.30am - 10pm  
41,COSTUME JEWELLERY ZONE,"8, 199 Ndidem Usang Iso Road Calabar",08032656772,Costume Jewellery,,8 Marian Road Calabar,Jewellery/Boutique,talk2maurice4life@yahoo.com,,Mondays - Saturdays  9am - 8pm  
42,COUTURE ANGELS BERRY,67 Edgerly Road Calabar,09031252352 08174069001,Babies & Adults Wears/Accessories,,,Babies & Adults Wears/Accessories,,,Mondays - Saturdays  8am -7pm  
43,CRYSTAL'S CLOTHES & ACCESSORIES,"21 Ndidem Usang Iso Road, Calabar",08186585415,Adult & Kiddies Clothes,,,"Clothings, Handbags, Weavons",,,Mondays - Saturdays  8am - 6pm  
44,CUTE COUTURE,"28 Etta Agbor Road, Calabar",08063431503,"Shoes, Bags",,,"Shoes, Bags, Jewelleries, Jeans, Watches, Weavon, Jeggings",,,Mondays - Saturdays  8am -7pm  
45,CYMAC SPORT SHOP ,Shop 41 U.J Esuene Stadium,08056366382,Sport Wears,,,"Boot, Jeasey, Football, Basket Ball",,,Mondays - Saturdays  8am - 6.30pm  
46,D BESTWAY BOUTIQUE,"14 Etta Agbor Road, Calabar",08084488350 08054263247,Men & Women Wears,,,"Clothes, Shoes, Bags, Belts,  Watches",,,Mondays - Saturdays  8am - 6pm  
47,DANNIES & GERSH BOUTIQUE,40 Mcc Road Calabar,"08067484526, 08037114174",Unisex Clothing Trends,,,"italian sheos, belt & cloths",,,Mondays - Saturdays  8am - 9.30pm  
48,DAVIVA SHOP A08,"Tinapa Business Resorts, Calabar",08038342827,Fabrics & Textiles Distributions,,,Fabrics & Textiles Distributions,,www.daviva.com,Mondays - Saturdays  10am - 6pm  
49,DE GORGEOUS VOGUE,"82, 98 IBB Way, Calabar",0815778888 08094782686,"Unisex Wears, Cosmetics & Accessories",,"Shop 10/11 Big Qua Shopping Complex, Calabar","Clothes, Shoes, Bags, Belts, Perfumes, Watches",,de-gorgeousnig ltd.com,Mondays - Saturdays  8am - 6pm  
50,DE UNIQUE BOUTIQUE,"Plot 10 Marijohn Plaza, 1st Floor opp. School of Nursing, General Hospital Road, Ogoja",08035508063 07085247022,"Shoes, Hand Bags, Belts, Wallet",,,"Shoes, Hand Bags, Belts, Wallet",,,Mondays - Saturdays  8am - 6pm  
51,DEEBAR PERFUMES & COSEMETICES,21B Mount Zion Road,08175014260,Cosmetics,,,Cosmetics,,,Mondays - Saturdays  8am - 6.30pm  
52,DEVINE KING BOUTIQUE,"38 Atekong Drive, Calabar",08034773642 08096881704,Mens Apparell,,,"Men Clothing, Shoes & Accessories",,,Mondays - Saturdays  8am - 7pm  
53,DIVINE PROVIDENT,94 Ndidem Usang Iso Road Calabar,08034884661 08072830866,Unisex Clothing,,,"Shoes, Shirts, Blouses",,,Mondays - Saturdays  8am - 6pm  
54,DOBIS XCLUSIVE,65 Ndidem Usang Iso Road Calabar,07039448491,Female Wears & Accessories,,,"Clothing, 100% Hair Wefts, Jewelleries",,,Mondays - Saturdays  8am - 8pm  
55,DON - GREY VENTURES,82 Ibb Way Calabar,08063649018 08172323212,"Ladies, Men's Wear",,,"Ladies, Men's, Children Wear",,,Mondays - Saturdays 8am - 6pm
56,DON ORCH NIG. COMPANY,"54 IBB Way, Calabar",08037074648 08181518988,Sewing and Sales Services,,,African & Foreign Wears,donkrist50@yahoo.com,,24hrs/7
57,DRAPERIES GLITERS COUTURE,113 Ndidem Usang Iso Road Calabar,08103003776,Unisex Wears & Accessories,,"D Line 20 Wogi Street, Portharcourt","Shoes, Clothes, Perfume & Jewelleries",,,Mondays - Saturdays  8am - 6.30pm  
58,DRESS CODE,66 Ibb Way Calabar,081354401019 08090957100,Boutique,,,"Trousers, Shirt, Belt, Watches",,,Mondays - Saturdays 8am - 6pm
59,EASY FIT,"34 IBB Way, Calabar",07035216373 08095701072,Unisex Clothing & Shoes,,,"Clothes, Shoes, Accessories",,,Mondays - Saturdays  8am - 7pm  
60,EDDY BEST COLLECTION,"291 Old Odukpani Road, Calabar",09094677042 07050737048,Unisex Wears,,,,,,Mondays - Saturdays  8am - 8pm  
61,EDDY COMPLETE DESIGN,"23 Mary Slessor off Bogobiri, Calabar",08063409206 08093604896,"Turkey, Senegalese, London & Native Wears",,,"Shirts, Natives, Jewelries & Shoes",,,Mondays - Saturdays  8am -5pm  
62,EDDY SELLING POINT,Shop 1 Etim Edem Plaza,"08131249187, 08113251633",Unisex Clothing Trends,,,"Italian Shoes, Belt & Cloths",,,Mondays - Saturdays  8am - 6.30pm  
63,EDIFOR BUTIC,"55 Ekpo Abasi Street, Calabar",09096552359,Clothing,,,"Jean, Shoe & Polo",,,Mondays - Saturdays  8am - 8.30pm  
64,EKI JOHN,"Transcorp Hotels, 10 M/M Highway, Calabar",08130492570,Lifestyle,,,,ekijohn101@yahoo.com,,
65,EKUNIT FASHION TRENDS,35 Atekong Drive Calabar,08037286737,Unisex Wears & Accessories,,,Unisex Wears & Accessories,,,Mondays - Saturdays  8am - 7pm  
66,EMMANUEL FASHION CENTRE,4 Emeobong lane calabar,08039342649,Sewing Mens Wear,,,Sewing Mens Wear,,,Mondays - Saturdays  8am -6pm  
67,ENI-KAS WORLD,"8 Ndidem Usang Iso Road, Calabar",08037113186,Female Clothes & Accessories,,,"Bags, Shoes, Suit",eni-kas@yahoo.com,,Mondays - Saturdays  8am - 7.30pm  
68,ENYBASS COLLECTIONS,"1 Orok Orok by Goldie street, Calabar",08090966243,Men's Wear,,,Men's Wear,,,Mondays - Saturdays  8am -7pm  
69,ESEMMA SHOES,"82 Egerton Street, Calabar",08036703258,"Male, Female & Children Shoes",,,,,,Mondays - Saturdays  8am -5pm  
70,ESTAREL COLLECTIONS,"2 Grace Edet Crescent off Marian Road, Calabar",08063534165 08178194041,"Fabrics, Clothings, Accessories",,,"Quality African Fabrics & Laces, Lingeries",estarelcollections@yahoo.com,,Mondays - Saturdays  8.30am -6pm  
71,FABMANDIEZ,"75/100 MCC Road, Beside Montana Villa, Calabar",08099648188,Fashion Outfits,,,,,,Mondays - Saturdays  9am -7pm  
72,FACO TEEWARES,206 Etim Edem Park,"07035753228, 08056391635",Clothing,,,Shirt & jean,,,Mondays - Saturdays  8am - 6.30pm  
73,FAME,"Line Shop C2, Beside MTN, TINAPA Business Resort, Calabar",08037067452,"Fashion Store for Men, Women and Children",,,"Fashion Store for Men, Women and Children",,,Mondays - Saturdays  8.30am -6pm  
74,FAQ STYLING,"531 Plaza behind Marian Market, Calabar",07039288243 07051025739,A 2 Toe Female,,,"Fashion Accessories like Clothes, Shoes, Bags, Hair, Wristwatches, Jewelleries",justqueenwhite@yahoo.com,,Mondays - Saturdays  7.30am -7.30pm  
75,FEDLITY TRUST BOUTIQE,162 Goldie street Calabar,07064010107,Male wears,,,Foot Wears & Clothings,,,Mondays - Saturdays  8am -8pm  
76,FEKAM UNISEX & CHILDREN BOUTIQUE,"6 Abasi Obori Street, Calabar",08063987528,Unisex Wears (Adult & Children),,,,,,Mondays - Saturdays  8am - 7pm  
77,FELIX COLLECTION,55 Mount Zion Road calabar,08030461061,Men's Wear,,,Men's Wear,,,Mondays - Saturdays  8am -8pm  
78,FELLIX BOUTIQUE,7 Goldie street calabar,07037346923,Boutique,,,"Shoes, Jean, Suits, Trousers, Shirts",,,Mondays - Saturdays  8am - 6.30pm  
79,FLEMGLOF BOUTIQUE,"Sunny Abang Junction, Old Etruni Road, Ikom",07038443334,Men & Women Wears,,,Men & Women Wears,,,Mondays - Saturdays  8am - 7pm  
80,FLOURISH COLLECTION,47 Bedwell Street Calabar,08027416070,Boutique,,,"Shoes, Jeans, Belt, Suits, Shirts & Gown",,,Mondays - Saturdays  8am - 6.30pm  
81,FONZEES CONCEPT,"98 Ndidem Usang Iso Road, Calabar",08130014736,Unisex Wears & Accessories,,,"Clothes, Shoes,Wrist Watches & Accessories",,,Mondays - Saturdays  8am - 7pm  
82,FORTANN BOUTIQUE,55 Ndidem Usang Iso Road Calabar,08063155087 07031813616,Unisex Outfit,,,"Clothing, Shoes, Handbags",,,Mondays - Saturdays  8am - 7pm  
83,FRAGLODORIJOE ITALIAN UNISEX OUTFIT,"Shop 10, Block A,86 Ndidem Usang Iso Road Calabar",07031539180 087290655,Unisex Clothings & Accessories,,,"Clothing, Shoes, Bags, Belts, Perfumes & Accessories",,,Mondays - Saturdays  8am - 6pm  
84,FRANKLYNS WARDROBE,65 Ndidem Usang Iso Road Calabar,08033888148 08052284601,Male Wears & Accessories,,"8 Goldie Street, Calabar","Shirts, Trousers, Belts & Wrist Watches",,,Mondays - Saturdays  8am - 9pm  
85,GEE WEARS COLLECTION,"60 Essien Town, Calabar",08037772185,Unisex Clothes & Accessories,,,"Clothes, Shoes, Accessories & Perfumes",gabrieledubio@yahoo.com,,Mondays - Saturdays  8am - 9pm
86,GENERAL MODEL BOUTIQUE,51 Bedwell Street Calabar,08093608550,Boutique,,,Clothing,,,Mondays - Saturdays  8am - 6.30pm  
87,GLAMOURFIELD BOUTIQUE EXOTICA,"103 Ndidem Usang Iso Road, Calabar",08038452912,Mens Clothing & Accessories,,,"Shirt, Trousers (Jeans & Pants), Suits, Belts & Accessories",,,Mondays - Saturdays  8am - 9pm
88,GLO CONCEPT,"6 Ikom street off Mbukpa, Calabar","08138394697, 08096121474",Women Clothes,,,Women Clothes,,,Mondays - Saturdays  8am -9pm  
89,GLORIWONDA'S CLOTHING & EVENT,"49/52 Ndidem Usang Iso Road, Calabar",08075993947 08185038558,Clothing & Events,,,"Shoes, Hand Bags, Belts, Wedding Gowns, Cake, Chops & Pastries",gloriwonda@yahoo.com,,Mondays - Saturdays  8am - 6pm  
90,GOD IS ABLE SALSAM X-CLUSIVE BOUTIQUE,"33/35 Ediba Road, Calabar",08028257163 08066713176,"Turkey, USA & UK Wears",,,"Ladies, Men's Jeans & Packet Shirts, Children",,,Mondays - Saturdays  8am - 5.30pm  
91,GOOD HEART SHOE REPUBLIC,"110 Old Ikang Road, Calabar",07065645327 08065532650,Unisex Shoes,,"107 Calabar Road, Calabar",Adult & Children Shoes,,,Mondays - Saturdays  8am - 8pm  
92,GOODLOOK OUTFIT ,61/72 Ekpo Abasi Street Calabar,"07037770033, 08076007676",Boutique,,,Unisex cloths,www.Goodlook.com.ng,,Mondays - Saturdays  8am - 8pm  
93,GRACEY COLLECTIONS,75 Ndidem Usang Iso Road Calabar,08035072015 08030722341,Clothing for Adults & Kids,,65 Ndidem Usang Iso Road Calabar,Unisex Clothing (Kids Inclusive) / Cosmetics,,,Mondays - Saturdays  9am - 7pm  
94,GREAT BOUTIQUE,"89 IBB Way, Calabar",08032489521,Unisex Clothing,,21 Joseph line Main Market Onitsha,"Clothes, Shoes & Accessories",,,Mondays - Saturdays  8am - 9pm  
95,GREEN FOLIAGE FASHION /COSMETICS SHOP,"10 Old Barrack Road, Parliamentary Extension, Calabar",08034256748 08171386016,"Unisex Clothing, Jewelleries & Cosmetics",,,"Unisex Clothing, Jewelleries & Cosmetics",,,Mondays - Saturdays  8am - 7pm  
96,GROOM BOUTIQUE,"44 IBB Way, Calabar",07037791652 08184191256,Men's Wear,,,"Shirts, Tie, Shoes, Suits, Trouser, Accessories.",,,Mondays - Saturdays  8am - 7pm  
97,GUC FASHIONS,"115 Old Ikang, Calabar",08092626995,Sewing and Designing,,,Unisex Wears - Natives & English,,,Mondays - Saturdays  8am - 7pm  
98,HAIR CUTZ & SALES OF CDs,"40 Mcc Road, Calabar",08064025145 08183314417,Hair Cutz & Sales Of Audio & Video Cds,,,,,,Mondays - Saturdays  8am -9pm  
99,HAPPITEX LATEST COLLECTION,80/72 Uwanse Street  Calabar,"08139000381, 08179245500",Unisex Clothing Trends,,,"Bags, Shoes, Hair Cream & weavon",,,Mondays - Saturdays  8am - 6.30pm  
100,HAPPY GOLD,73 Ndidem Usang Iso Road Calabar,08035595793 08081105421,"Female Clothes, Bags, Shoes & Jewels",,,"Jewel, Clothing, Perfumes",happygold2011@yahoo.com,happygoldonline.com,Mondays - Saturdays  8am - 8pm  
101,HAPPY WORLD COLLECTION,"81/98 Ekpoabasi Street, Calabar",08032548886,Mens Wear,,,"Shirt, Trousers, T- Shirts",,,Mondays - Saturdays  8am - 9pm  
102,HATABELLS,76/78 Ndidem Usang Iso Road Calabar,08037135507,Female Clothings & Accessories,,,"Clothes, Shoes, Cosmetics & Accessories",,,Mondays - Saturdays  8am - 6pm  
103,HEPIBAH OUTFIT,"75 Ekpo Abasi Street Calabar South,Calabar",08068197154,Clothing,,,Men's wear,clementanea@yahoo.com,,Mondays - Saturdays  8am - 8pm  
104,HOT TRENDS 4 UNISEX,28 Ndidem Usang Iso Road Calabar,08037114200,Unisex Clothing Trend,,,"Shoes, Clothes, Weavon, Perfume & Accessories",uglyndia2002@yahoo.com,,Mondays - Saturdays  8am - 8pm  
105,I.D BEST BOUTQUE,7 Goldie street calabar,"08035492603, 08077004422",Clothing,,,"italian sheos, belt & cloths",,,Mondays - Saturdays  8am - 6.30pm  
106,I.J MAX,"33 Mcc Road, Calabar",08160551210 08056364854,Unisex Clothing,,"42b 2nd Gate Old Parliamentary Village, Calabar",Adult & Kids Clothing & Accessories,,,Mondays - Saturdays  8am - 6.30pm  
107,I-DON DRESS CODE,"110 Old Ikang Road, Calabar",08032227460 08033259842,Unisex Clothing & Accessories,,,"Shoes, Suits, Blazers, Shirts, ",idoreyinbassey01@gmail.com,,Mondays - Saturdays  7.30am - 8.30pm  
108,IMECO BOUTIQUE ,"Block 3 shop 24 Watt Market by Nelson Manadela, Calabar",08034371556,Boutique,,,"Jeans, Shirts, Shoes",,,Mondays - Saturdays  8am - 6.30pm  
109,INTIMATE IMPRESSION,"24/40 Etta Agbor Road, Calabar",08035246060 08076895257,Mothercare & Babies,,,Mothercare & Babies Product,,,Mondays - Saturdays  8am - 7pm  
110,JACKSINO NATIVE WEARS,"65/58 Ndidem Usang Iso Road, Calabar",08033960695 08027511972,Ready Made Native Wears For All,,,"Efik, Ibibio, Igbo, Hausa & Senegalese",,,Mondays - Saturdays  8am - 6pm  
111,JENKRI'S BOUTIQUE,"35 Ekpo Archibong, Parliamentary, Calabar.",08177976528,Unisex Clothing,,,Unisex Clothing (Kids Inclusive),,,Mondays - Saturdays  8am - 8pm  
112,JOE FASHION,"142 Old Odukpani Road, Calabar",08152676749,Men Wears & Accessories,,,,,,Mondays - Saturdays  8am - 6pm  
113,JUST AKEEMS,"76 Ndidem Usang Iso Road, Calabar",07061634970 08038669493,"Men Clothing, Shoes & Accessories",,,"Clothing, Shoes, Suits,  Belts, Watches",,,Mondays - Saturdays  8am - 9pm  
114,JUST JEANS SHOP,30/32 Ndidem Usang Iso Road Calabar,08034415771 08098382279,Just Jeans,,,"Jeans, Trouser, Shirts & Accessories",,,Mondays - Saturdays  8.30am - 7pm  
115,JUSTIN BAFFS,"50 Bedwell Street,Calabar",08036097102,Clothings,,,"Shirts, Jeans, & Shoes",,,Mondays - Saturdays  8am - 6pm  
116,KANDY BOUTIQUE,106 Ekpo Abasi Street Calabar,"07069450357, 08185474381",Male Wears,,,Men's wear,,,Mondays - Saturdays  8am -8pm  
117,KAPREST SERVICES,34 Mayne Avenue Street Calabar,"08053447676, 08032984849",Customised Wears,,,Customised Wears,kapretservice@yahoo.com,,Mondays - Saturdays  8am -8pm  
118,KEKAYO'S STOP N SHOP,"99 Essien Town, Calabar",07033490563,Unisex Adult & Kids & Shoes,,,"Clothes, Bags, Shoes, Accessories",carolinejoseph@yahoo.com,,Mondays - Saturdays  8am - 8pm  
119,KENTATA BOUTIQUE,"Effio-ette Junction, Calabar",07018545556,Mens Apparell,,,"Shirts, Suits, Foot Wear, Jeans",,,Mondays - Saturdays  8am - 10pm  
120,KENTATA MEN @ LARGE BOUTIQUE,"MCC Road by Effio-ette Junction, Calabar",07031509381 08061551969,Mens Wear & Accessories,,,,,,Mondays - Saturdays  8am - 9pm  
121,KIAYEMA WORLD,"1 Etta Agbor Road, Calabar",08037930141,Unisex Wears,,,"Male & Female Clothes, Shoes, Bags",,,Mondays - Saturdays  8am -8pm  
122,KINGS OUTFIT,"30 Etta Agbor Road, Calabar",07069447328,"Shoes, Suits, Shirts, Watches, Perfumes",,,"Shoes, Suits, Shirts, Watches, Perfumes",,,Mondays - Saturdays  8am -9pm  
123,KRISCHA BODY WEAR,"95 Atekong Drive, Calabar",08035485632,Men & Women's Wears,,,Men & Women's Wears,,,Mondays - Saturdays  8am - 6pm  
124,LA' SHAKARA WEARS & BRANDING,"1 Adiabo Street, State Housing, Calabar",07032145503,Wears & Branding,,,"Logos, Banners, T-shirts, Face Caps, Souvenirs",lashakara_culture@yahoo.com,,Mondays - Saturdays  9am - 7pm  
125,LAYERS OF JEWELLERIES,"Shop 12 Big Qua Shopping Mall, Calabar",08037135294,Jewelleries & Accessories,,,"Earrings, Necklaces, Bangles, Rings",,,Mondays - Saturdays  8am - 7pm  
126,LEROY'S,"65 Ndidem Usang Iso Road, Calabar",08033304834,"Clothing, Shoes, Accessories, Bags, Household Items",,,"Clothing, Accessories, Shoes, Bags, Cosmetics, Household Items",,,Mondays - Saturdays  8am -6pm  
127,LEYIUSH FASHION,"15 Parliamentary Road, Calabar",08053538343 07035232580,Fashion Styling & Retail,,,"Fashion Retail, Bridal & Photo Shoot Styling, Make-up Artistry, Wardrobe Consultancy",info@leyuish.com,leyuish.com,Mondays - Saturdays  8am - 7pm  
128,LIGHTZILLION JEWELLERIES,104 Atekong Street Calabar,"08061650847, 08021185883",Jewellery,,,Jewellery,,,Mondays - Saturdays  8am - 6.30pm  
129,LIVING DREAMS BOUTIQUE,39 Ndidem Usang Iso Road Calabar,08036258718,Unisex Clothing,,,"Clothes, Shoes,Bags, Belts & Wrist Watches",,,Mondays - Saturdays  8am - 9pm  
130,LOVE'S IMPRESSION,"40 Mcc Road, Calabar",07034364734,"Casual Outfit, Corporate Attire & Accessories",,,,,,Mondays - Saturdays  7am -9pm  
131,LULU ROSE,21 Ndidem Usang Iso Road Calabar,08187883575,"Clothing, Lingerie, Accessories",,,"Clothing, Lingerie, Accessories",,,Mondays - Saturdays  8am -6pm  
132,MACO-T WEARS,"80A Calabar Road, Calabar",08064026412,Home of Italian Wears,,,Italian Wears,,,Mondays - Saturdays  8am -6pm  
133,MATTHINO EXCLUSIVE,"105 Old Odukpani Road, Calabar",08160727561 08022142976,Men Outfit & Accessories,,,,,,Mondays - Saturdays  8am - 6pm  
134,MCKENZIE COLLECTIONS,"75 Atekong Drive off Marian Road, Calabar",0810293911 08188942426,Female Clothes & Accessories,,,"Clothes, Shoes, Handbags, Caps, Belts, Perfumes, Sunshades",aisha4grant@yahoo.com,,Mondays - Saturdays  8am - 7pm  
135,MEE FASHION AND COSMETICS,"22 Ndidem Usang Iso Road, Calabar",08036973653,Unisex Clothing & Make-up,,,"Clothes, Shoes, Make-up Product",,,Mondays - Saturdays  8am - 7pm  
136,MEGTOBAS WORLD BOUTIQUE,"NAOWA Shopping Mall Old Odukpani Road, Calabar.",07035027781 08082817116,Unisex Wears & Foreign Suits,,,,megtobas@yahoo.com,,Mondays - Saturdays  8am - 7pm  
137,MEN AT LARGE BOUTIQUE,84 Mcc Road Calabar,08061551969 08080786481,Boutique,,,"Watches, Belt, Shoes, Shirt, Trouser.",,www.menatlargeboutique.com, Mondays - Saturdays 8am - 7pm
138,MMABON,"Inside Channel View Hotel, Mcc Road Calabar.",08052405192,"T Shirt Printing, Ankara Making",,,Wears,info@mmabon.com,www.mmabon.com,Mondays - Saturdays  8am - 6pm  
139,MO - GLAMOUR,"19 IBB Way opp Akim Police Station, Calabar",08068195362,Clothing and Accessories,,,"Unisex Cloting, Shoes, Belt, Ties & Accessories",,,Mondays - Fridays  8am - 6pm  
140,MOM'S DESIRE,"53 Marian by Old Ikang Road, Calabar",08034039378 08107066509,Unisex Product,,,Unisex Wears & Unisex Salon (Kids Inclusive),abbeyawara@yahoo.com,,Mondays - Saturdays  8am - 8pm  
141,MOSSMA,67 Ndidem Usang Iso Road Calabar,08037363272,Men's Clothing,,,"Suits, Shirt, Shoes, Trousers, Sandals & Accessories",mossmafashion@gmail.com,,Mondays - Saturdays  8am - 10pm  
142,NANA YANAM DESIGNS,"27 Ediba Road Beside Eastern Sec. School, Calabar",07031976679,Fashion Designing,,,"Designing, Sew & Sale Services",,,Mondays - Saturdays  8am - 6pm  
143,NEW MAN BOUTIQUE,"59 Ndidem Usang Iso Road, Calabar",08033465993,Men Outfit & Accessories,,"82 Ibb Way, Calabar","Shirt, Jeans, Shoes",,,Mondays - Saturdays  8am - 8pm  
144,NK LEMMYS DESIGNERS VENTURES,"Fruiful Plaza 80A Calabar Road, Calabar",08037923521 08090971121,Travelling Accessories,,,"Boxes, Travelling Bags & Hand Bags",,,Mondays - Saturdays  8am -8pm  
145,O - ZINNY BEAUTIFUL WORLD,"2 Ibako Lane, State Housing, Calabar",08147662308,Designer's Clothes & Hairs (UK & US),,,"Clothes, Shoes, Bags, Brazillian, Indian & Human Hair",ozinnylogistics@gmail.com,funmi0805@gmail.com,Mondays - Saturdays  8am -7pm  
146,OCEAN LABEL COLLECTION,"11 Ettagbor Street, Calabar",07035699583 08034746719,Men & Women's Outfit,,,Men & Women's Outfit,,,Mondays - Saturdays  8am -7pm  
147,ODLYN OUTFIT,"194 Old Odukpani Road, Calabar",08056862155,"Men, Kiddies, Ladies Outfit & Accessories",,,,,,Mondays - Saturdays  8am -6pm  
148,OKESIMO DESIGNERS OUTFITS,53 Bedwell Street Calabar,07039323482,Clothing,,,Men's wear,,,Mondays - Saturdays  8am -6pm  
149,OKEY BOUTIQUE,5 Goldie Street Calabar,08066090596,Clothing,,,"Tie,Belt, Shirt and Jean",,,Mondays - Saturdays  8am - 6.30pm  
150,ONE STOP FASJION & GIFT SHOP,90B Goldie street calabar,"08035871659, 08055920801",Boutique,,,Corprate Outfit & Evening wear,,,Mondays - Saturdays  8am - 6.30pm  
151,ONYETEX BOUTIQUE,"1 Ekpo Iso Ikot Ansa, Calabar",08068133468,"Clothes, Bags, Shoes, Boxes",,"Akai Efa MCC Road, Calabar",,,,Mondays - Saturdays  8am - 9pm  
152,ONYI BEST INVESTMENT,8 Godie Street Calabar,07062089938 08173720233,"U.S Gown, Suit, Jeans, Top",,,"U.S Gown, Suit, Jeans, Top",,,Mondays - Saturdays  8am -6pm  
153,OPEYEMI TEXTILES,"531 Plaza behind Marian Market, Calabar",07035610416 08096149752,Unisex Wears & General Merchant,,,"Voile Lace, Jacquard Lace, Dry Lace",,,Mondays - Saturdays  8am -6pm  
154,ORANGE WORLD CLASSIC BOUTIQUE,"44 Calabar Ikom Road, Calabar",08034370890 08185462710,Men Clothing & Accessories,,,"Clothing, Shoes, Cosmetics & Accessories",,,Mondays - Saturdays  8am -6pm  
155,O'VASE BOUTIQUE CO.,85 Ndidem Usang Iso Road Calabar,08130186861,"Bags, Shoes & Accessories",,,"Female Bags, Shoes & Accessories",,,Mondays - Saturdays  8.30am -6pm  
156,PADEE BOUTQUE,53 Bedwell Street Calabar,"08032939452, 07056396665",Clothing,,,Men's wear,,,Mondays - Saturdays  8am -6pm  
157,PALBEE XCLUSIVE,"110 Marian by Old Ikang Road, Calabar",08094971937 08063605561,Men Sophisticated Outfit,,,"Shoes, Suits, Blazers, Shirts, Watches, Belt, Accessories",,,Mondays - Saturdays  7.45am -9pm  
158,PEACE DESIGNERS,"6 Ndidem Usang Iso Road, Calabar",08032973795 08187142274,Corporate Designers Wear,,Axari Hotel,"Suits, Shirt, Traditionals (Senegalese & Niger Delta)",peacedesigners@yahoo.com,,Mondays - Saturdays  9am - 6.30pm  
159,PEACE FASHIONS,"Shop 6 Ikot Ishie  Plaza,  Old Odukpani Road, Calabar",08169556240,"Materials, Wrappers, Uniforms.",,,"Materials, School Uniforms, Wrappers, Zip,Thread, Weaving",,,
160,PENZRAH GLOBAL,"40 Essien Etim Offiong Avenue, Calabar ",08068214368 08140035884,"Dress Maker, Couture, Fashion",,,"Fashion Designing, Bespoke Tailoring",eglory@rocketmail.com,,Mondays - Sundays  8am - 7pm  
161,PEREWINKLE ART GALLERY,"Shop A3, Tinapa Shopping Complex, Calabar",08059088099 08176581213,Fashion Designing & Art Work,,,"Sculptures, Paintings, Exquisite Maternity Wears, African Wears  ",perewinklegallery@yahoo.com,,Mondays - Saturdays  9am - 6pm  
162,PINKK SHOP,32 Ndidem Usang Iso Road Calabar,07034556669,Unisex Clothing Trend,,,"Shoes, Clothes, Perfume & Accessories",,,Mondays - Saturdays  8am - 7pm  
163,PML LADIES BOUTIQUE ,"1 Nelson Manadela Street, Calabar",08033754851,Ladies Wear,,,"Ladies jean, Shirt, & Shoes ",,,Mondays - Saturdays  8am - 6.30pm  
164,PORCELAIN BOUTIQUE,"30/32 Ndidem Usang Iso Road, Calabar",08163711110 08090655550,Female Clothing,,"11 Samit Mall admiralty Way, Lekki Phase 1","Female Wears,  Accessories & Free Delivery",porcelain.com.ng,,Mondays - Saturdays  9am - 7pm  
165,POSHE,"15 Barracks Road, Calabar",07031696843 08037235199,Unisex Clothing & Accessories,,,"Clothes,  Belts, Perfumes, Makeover, Accessories",poshe204@gmail.com,,Mondays - Saturdays  8am - 6pm  
166,PRELIZZ PERFUMERY,"22 Ndidem Usang Iso Road, Calabar",07066325256,Designer's Perfumes,,,"Amouage, Terre d'herms, Ellee Saabs & Si, Narciso Rodrique, Tomford, D&G, CK, Creed",,,Mondays - Saturdays  8am - 6.30pm  
167,PRINCESS SANCTIFIED VENTURES,"80 Calabar Road, Calabar","08037752685, 08038021349",Boutique,,,"Wedding Gown, Shoe & Material",,,Mondays - Saturdays  8am - 6.30pm  
168,PRINCEWILL COLLECTION,93 Ndidem Usang Iso Road Calabar,08075234097 08166990299,Unisex Clothing & Shoes,,,"Jeans, Chinos, Shoes, Shirt",,,Mondays - Saturdays  8am - 10pm  
169,QUINESTA MATERNITY,"2 Effanga Mkpa Street off Marian Road opp Dominion Pharmacy, Calabar",08059088099 08138835514,Maternity Fashion Wears & Accessories,,,"Maternity Tops, Nursing Bras / Shape Wears, Belly Bandit, Night gowns, Foot Wears, Wrist Watches, Gift Items",,,
170,REENIXS FRAGRANCE AND ACCESSORIES,"78 Ndidem Usang Iso Road, Calabar",08033514279,Jewelleries & Perfumes,,,"Sun Glasses, Perfumes, Belts, Wrist Watches",morenike@yahoo.com,,Mondays - Saturdays  8am - 7pm  
171,REWILLS ADORNMENTS,"106 MCC Road, Calabar",08023124127 08035378715,Men & Women Wears,,,"Senegalese, Evening Dress, Casuals, Corporate",rewillsadornment@gmail.com,,Mondays - Saturdays  8am - 7pm  
172,ROSSA FASHION,"60 Mount zion Road, Calabar",08132773698,Women Outfit,,,Making of Hair & Nails,,,Mondays - Saturdays  8am - 6.30pm  
173,ROSSIE COLLECTIONS,"28/29 Nsefik Eyo Layout, Calabar",08064280532 07088929935,"Wears, Brazillian Hair, Perfumes",,,"Wears, Brazillian Hair, Designers Perfumes",,,Mondays - Saturdays  8am - 7pm  
174,ROYAL KLASS APPARELS,107 Atekong Drive Calabar,08037113186,Unisex Wears & Accessories,,,"Shoes, Shirts, Belts & Jewels",,,Mondays - Saturdays  8am - 9pm  
175,ROYAL PORCH BOUTIQUE,"3/4 SPC Road, Ikot Ansa, Calabar",08035452903,Foreign Suites & Wears,,,"Suits, Shirts, Belts, Ties, Watches & Jewelleries",,,Mondays - Saturdays  8am - 6pm  
176,RUBIES CLOSET VENTURES,"Effio-ette Junction off Parliamentary Road, Calabar",07086688889,Female Wears & Accessories,,,"Clothing, Shoes & Accessories",,,Mondays - Saturdays  8.30am - 6pm  
177,SEASON'S STYLISH FABRICS,"531 Plaza behind Marian Market, Calabar",08077010625,Fabrics & Accessories,,,"Fabrics, Bags & Accessories",,,Mondays - Saturdays  8am - 6pm  
178,SEGULLAH BOUTIQUE,"38/40 Ediba Road, opp Marian Market, Calabar",08038121877,Corporate Wear,,,"Belts, Perfumes, Casual Wears, Suits, Accessories",,,Mondays - Fridays  8am - 5.30pm  
179,SHOE NATION ,"Shop 8 watt market by Nelson Mandela, Calabar",08064068909,Women Outfit,,,"Shoes, Bags & Gowns",,,Mondays - Saturdays  8am - 6.30pm  
180,SHOE VILLA,"55 IBB Way, Calabar",07030795970,Unisex Sneakers,,,"Airmax, Jordan, Timberland",esong+@yahoo.com,,Mondays - Saturdays  8am - 9pm  
181,SKYLINE CONCEPT,Shop 217 etim Edem Park Calabar,"08033626070, 07058863303",Boutique,,,"italian Suits,trousers, belt & Jean",,,Mondays - Saturdays  8am - 6.30pm  
182,SKYVIEW BOUTIQUE,"40 Spring Road, Calabar",07030347081 08134641649,Unisex Clothes & Accessories,,,"Clothes, Bags, Shoes, Accessories",,,Mondays - Saturdays  8am - 8pm  
183,STITCHES & NEEDLES,"Site C, Block G off Calabar Imperial College, Satelite Town, Calabar",07035543818 08059533645,Wears (Sales & Supply),,,"Native Attires, Polos, Hoodies, Sweatshirts, Suits, Branded / Custom-made Shirts",,,
184,STYLEZ ,"2 Ediba Road, Calabar",08064846285,Male/Female Wears,,,"Shoes, Belt, Trousers, Shirts",stitchesandneedle@gmail.com,,Mondays - Saturdays  9am - 8pm  
185,STYLISH APPAREL,"Shop 10, Shoprite Plaza by 28 MCC Road, Calabar",08037238152 08051985263,Boutique,,,"Dresses, Bags, Shoes, Belts, Perfumes, Wrist Watch, Suits",,,Mondays - Saturdays  
186,SUCRE,"10 Ndidem Usang Iso Road, Calabar",08066020405 08152784222,"Clothings, Shoes, Handbags, Accessories",,,"Clothings, Shoes, Handbags, Accessories",prettylurveyahoo.com,,Mondays - Saturdays  8am - 9pm  
187,SUNNY BOUTIQUE,"1 Ekpo Iso Ikot Ansa, Calabar",08169582770,Men Wears & Accessories,,,,,,Mondays - Saturdays  7.30am - 7pm  
188,SWEENEYS,"70 IBB Way, Calabar",07069779784,Female Clothing & Accessories,,,Ladies Wears & Accessories,ekp.cqacquillas.com,ww.acquillas.com,Mondays - Saturdays  8am - 6pm  
189,TENTOES,"75 Ndidem Usang Iso Road, Calabar (Opp.Cal.Mun.Council)",08082666000,Men Shoes,,"15 Parliamentary Road, Calabar (instore @leyiush Fashion)",Men Shoes,,tentoes.biz,Mondays - Saturdays  8.30am - 6pm  
190,THE BLESSED ARCHIMS COLLECTIONS,104 IBB WaY Calabar,"08060515584, 08173801626",,,,"Turkey Shirts, Blazas, Jean, Shirts Etc",,,Mondays - Saturdays  8am - 9pm  
191,THE I.D COLLECTIONS,"77 Calabar Road, Calabar",08036258761,Boutique,,,"T-Shirts, Belt, Jeans, Shoes Etc",,,Mondays  -  Fridays  8am - 6pm 
192,THE PICASSO MATERNITY LOUNGE (A Subsidiary of DERLO SERVICES),"Cybermul Plaza, 135 Ndidem Usang Iso Road, Calabar",08173673885,Maternity Shopping for Mother and Child,,,"Exclusive Maternity Boutique for  All Occassions, Ready-to-Go Hospital Kits, New Born Up to 12 Months Clothing & Accessories, Assorted Toys",derloservices@yahoo.com,,
193,THICK MADAM,"10 Ndidem Usang Iso Road, Calabar",07034795411,Female Clothing & Shoes,,,"Clothes, Shoes, Bags & Accessories",,,Mondays  -  Fridays  8am - 6pm          Saturday 9.30am - 6pm
194,TIFFANY'S PRIDE,111 Ndidem Usang Iso Road Calabar,08067754042,Female Clothes & Accessories,,,"Bags, Shoes, Clothes & Jewelleries",,,Mondays - Saturdays  8am - 7pm  
195,TITESS FASHIONABLES BOUTIQUES,"531 Plaza, Shop 7 behind Marian Market, Calabar",08035515286,Female Wears & Accessories,,,"Clothes, Shoes, Bags, Watches, Hats & Accessories",tessyephraim@yahoo.com,,Mondays - Saturdays  8am - 6pm  
196,TONNIES OUTLOOK,"22 Ndidem Usang Iso Road, Calabar",08063653030,Male Clothing & Accessories,,,"Shirts, T. Shirts, Polos, Shoes, Sandals, Belt, Suits, Blazzer.",,,Mondays - Saturdays  8am - 9pm  
197,TOP & CLASS BOUTIQUE,55 palm Street Calabar,"08034494825, 08027515171",Boutique,,,Men's wear,,,Mondays - Saturdays  8am - 6.30pm  
198,TOP SHOP DISIGNERS,Nsisuk by Bedwell Street Calabar,"08169448542, 08184939206",Boutique,,,Shoes and Clothing,,,Mondays - Saturdays  8am - 6.30pm  
199,TREASURE APPAREL ELITE,"26 Murtala Mohammed Highway by WAPI Junction, Calabar",08087609335,Female Clothing & Accessories,,,"Bags, Shoes, Clothes & Jewelleries",treasureapparel05@gmail.com,,Mondays - Saturdays  8am - 6pm  
200,TROPHINACS BUSINESS CENTRE & BOUTIQUE,Shop 27 U.J Esuene Stadium,08056246823,Boutique,,,Bridal Wear & textile,,,Mondays - Saturdays  8am - 6.30pm  
201,TUSH,78 Ndidem Usang Iso Road Calabar,08111722227,"Clothes, Shoes, Bags, Hats, Shades ",,,"Clothes, Lingerie, Shoes, Bags, Hats, Shades, Earrings, Dress",tush.cm@gmail.com,,Mondays - Saturdays  8am - 7pm  
202,TWICE AS NICE,80 Ndidem Usang Iso Road Calabar,08172005813,Shirt & Accessories,,"55 Opebi Street, Ikeja","Shirt, Shoes & Accessories",,,Mondays - Saturdays  8am - 8pm  
203,UCHMAN COLLECTIBLE,"50 Bedwell Street, Calabar.","08035957043, 08056942262.",Ladies Wear,,,"Ladies Jean, Shoe & Shirts",,,Mondays - Saturdays  8am -6pm  
204,UGO UNISEX OUTFIT,53 Bedwell Street Calabar,08063535168,Men & Women Clothes,,,"Shirts, Jean and Shoe",,,Mondays - Saturdays  8am -6pm  
205,UT'S BOUTIQUE,"25 Murtala Mohammed Highway opp. Mobil Filling Station, Calabar",08024787842 08065060628,"Clothing for Gents, Ladies & Kids",,,"Clothing for Gents, Ladies & Kids, Bags, Shoes, Jewels",utaekpe@rocketmail.com,,Mondays - Saturdays  8am -6pm  
206,VICLEAN BOUTIQUE,152 Goldie Street calabar,08111393223,Clothing,,,Men's wear,,,Mondays - Saturdays  8am - 7pm  
207,VIVYAFRIK,"19 Etta Agbor Road, Calabar",08164159197,"Ankara, Georges, Senegalese Lace",,,"Ankara, Georges, Senegalese Lace",vivyafrik@gmail.com,,Mondays - Saturdays  8am -6pm  
208,VTEX OPARA INTERNATIONAL,Shop 20 U.J Esuene Stadium,08035501127,Sport Wear,,,"Boots, Jersey, Caps",,,Mondays - Saturdays 8am - 6pm
209,XECARE BOUTIQUE,Shop 18 Powa shoping complex,08037204656,Boutique,,,Babaies clothing,,,Mondays - Saturdays  8am - 6.30pm  
210,XTAREEN FASHION WORLD COLLECTION,"11 Etta Agbor Street, Calabar",08033605872 08184249711,"Clothes, Bags",,,"Shoes, Clothes, Bags, Belts, Watches",,,Mondays - Saturdays  8am - 7pm  
211,XXTIENY NIGERIA LIMITED,"134 Ndidem Usang Iso Road, Calabar",08108849379 08021055489,Boutique,,,"Unisex Shoes, Designer Bags Georges, Headties, Laces",xxtienynigerialtd@yahoo.com,www.xxtieny.com,Mondays - Saturdays  8am - 6pm  
212,ZARA WORLD,85 Ndidem Usang Iso Road Calabar,08039677315 08039113705,Unisex Product,,,"Shoes, Clothing, Bags & Accessories",,,Mondays - Saturdays  7.45am -9pm  